relocation_section	offset	type	symbol	addend
.rela.text	0x000000000000002c	R_AARCH64_CALL26	i2c_transfer_buffer_flags	+0
.rela.text	0x0000000000000044	R_AARCH64_CALL26	i2c_transfer_buffer_flags	+0
.rela.text	0x0000000000000054	R_AARCH64_ADR_PREL_PG_HI21	.rodata.str1.1	+134
.rela.text	0x0000000000000058	R_AARCH64_ADD_ABS_LO12_NC	.rodata.str1.1	+134
.rela.text	0x000000000000005c	R_AARCH64_CALL26	_dev_err	+0
.rela.text	0x0000000000000080	R_AARCH64_ADR_PREL_PG_HI21	.rodata.str1.1	+2a7
.rela.text	0x0000000000000084	R_AARCH64_ADD_ABS_LO12_NC	.rodata.str1.1	+2a7
.rela.text	0x0000000000000088	R_AARCH64_CALL26	_printk	+0
.rela.text	0x00000000000000ac	R_AARCH64_CALL26	i2c_transfer_buffer_flags	+0
.rela.text	0x00000000000000b8	R_AARCH64_ADR_PREL_PG_HI21	.rodata.str1.1	+2a7
.rela.text	0x00000000000000bc	R_AARCH64_ADD_ABS_LO12_NC	.rodata.str1.1	+2a7
.rela.text	0x00000000000000c0	R_AARCH64_CALL26	_printk	+0
.rela.text	0x0000000000000110	R_AARCH64_CALL26	hyn_i2c_write	+0
.rela.text	0x0000000000000138	R_AARCH64_CALL26	__stack_chk_fail	+0
.rela.text	0x0000000000000170	R_AARCH64_CALL26	hyn_i2c_read	+0
.rela.text	0x0000000000000198	R_AARCH64_CALL26	__stack_chk_fail	+0
.rela.text	0x00000000000001e4	R_AARCH64_CALL26	memset	+0
.rela.text	0x0000000000000220	R_AARCH64_CALL26	memcpy	+0
.rela.text	0x0000000000000224	R_AARCH64_ADR_PREL_PG_HI21	.bss	+0
.rela.text	0x0000000000000230	R_AARCH64_LDST64_ABS_LO12_NC	.bss	+0
.rela.text	0x0000000000000238	R_AARCH64_CALL26	hyn_i2c_write	+0
.rela.text	0x000000000000026c	R_AARCH64_ADR_PREL_PG_HI21	.rodata.str1.1	+233
.rela.text	0x0000000000000270	R_AARCH64_ADD_ABS_LO12_NC	.rodata.str1.1	+233
.rela.text	0x0000000000000274	R_AARCH64_CALL26	fortify_panic	+0
.rela.text	0x0000000000000278	R_AARCH64_CALL26	__stack_chk_fail	+0
.rela.text	0x00000000000002bc	R_AARCH64_ADR_PREL_PG_HI21	.bss	+0
.rela.text	0x00000000000002cc	R_AARCH64_LDST64_ABS_LO12_NC	.bss	+0
.rela.text	0x00000000000002e4	R_AARCH64_CALL26	hyn_i2c_read	+0
.rela.text	0x000000000000030c	R_AARCH64_CALL26	__stack_chk_fail	+0
.rela.text	0x0000000000000338	R_AARCH64_CALL26	i2c_transfer_buffer_flags	+0
.rela.text	0x0000000000000354	R_AARCH64_CALL26	i2c_transfer_buffer_flags	+0
.rela.text	0x0000000000000394	R_AARCH64_CALL26	i2c_transfer_buffer_flags	+0
.rela.text	0x00000000000003b0	R_AARCH64_CALL26	i2c_transfer_buffer_flags	+0
.rela.text	0x00000000000003f0	R_AARCH64_CALL26	cst3xx_i2c_write	+0
.rela.text	0x0000000000000408	R_AARCH64_CALL26	cst3xx_i2c_read	+0
.rela.text	0x000000000000043c	R_AARCH64_ADR_PREL_PG_HI21	.bss	+0
.rela.text	0x0000000000000440	R_AARCH64_LDST64_ABS_LO12_NC	.bss	+0
.rela.text	0x0000000000000454	R_AARCH64_CALL26	gpio_to_desc	+0
.rela.text	0x000000000000045c	R_AARCH64_CALL26	gpiod_direction_output_raw	+0
.rela.text	0x0000000000000468	R_AARCH64_CALL26	__const_udelay	+0
.rela.text	0x0000000000000474	R_AARCH64_CALL26	__const_udelay	+0
.rela.text	0x0000000000000480	R_AARCH64_CALL26	__const_udelay	+0
.rela.text	0x000000000000048c	R_AARCH64_CALL26	__const_udelay	+0
.rela.text	0x0000000000000498	R_AARCH64_CALL26	__const_udelay	+0
.rela.text	0x00000000000004a4	R_AARCH64_CALL26	__const_udelay	+0
.rela.text	0x00000000000004b0	R_AARCH64_CALL26	__const_udelay	+0
.rela.text	0x00000000000004bc	R_AARCH64_CALL26	__const_udelay	+0
.rela.text	0x00000000000004c8	R_AARCH64_CALL26	__const_udelay	+0
.rela.text	0x00000000000004d4	R_AARCH64_CALL26	__const_udelay	+0
.rela.text	0x00000000000004e0	R_AARCH64_CALL26	__const_udelay	+0
.rela.text	0x00000000000004ec	R_AARCH64_CALL26	__const_udelay	+0
.rela.text	0x00000000000004f8	R_AARCH64_CALL26	__const_udelay	+0
.rela.text	0x0000000000000504	R_AARCH64_CALL26	__const_udelay	+0
.rela.text	0x0000000000000510	R_AARCH64_CALL26	__const_udelay	+0
.rela.text	0x000000000000051c	R_AARCH64_CALL26	__const_udelay	+0
.rela.text	0x0000000000000528	R_AARCH64_CALL26	__const_udelay	+0
.rela.text	0x0000000000000534	R_AARCH64_CALL26	__const_udelay	+0
.rela.text	0x0000000000000540	R_AARCH64_CALL26	__const_udelay	+0
.rela.text	0x000000000000054c	R_AARCH64_CALL26	__const_udelay	+0
.rela.text	0x0000000000000550	R_AARCH64_LDST64_ABS_LO12_NC	.bss	+0
.rela.text	0x000000000000055c	R_AARCH64_CALL26	gpio_to_desc	+0
.rela.text	0x0000000000000564	R_AARCH64_CALL26	gpiod_direction_output_raw	+0
.rela.text	0x000000000000057c	R_AARCH64_CALL26	__const_udelay	+0
.rela.text	0x00000000000005b4	R_AARCH64_ADR_PREL_PG_HI21	.bss	+0
.rela.text	0x00000000000005b8	R_AARCH64_LDST64_ABS_LO12_NC	.bss	+0
.rela.text	0x00000000000005cc	R_AARCH64_CALL26	disable_irq_nosync	+0
.rela.text	0x00000000000005d0	R_AARCH64_LDST64_ABS_LO12_NC	.bss	+0
.rela.text	0x0000000000000600	R_AARCH64_ADR_PREL_PG_HI21	.bss	+0
.rela.text	0x0000000000000604	R_AARCH64_LDST64_ABS_LO12_NC	.bss	+0
.rela.text	0x0000000000000618	R_AARCH64_CALL26	enable_irq	+0
.rela.text	0x000000000000061c	R_AARCH64_LDST64_ABS_LO12_NC	.bss	+0
.rela.text	0x0000000000000664	R_AARCH64_CALL26	input_event	+0
.rela.text	0x0000000000000678	R_AARCH64_CALL26	input_event	+0
.rela.text	0x000000000000068c	R_AARCH64_CALL26	input_event	+0
.rela.text	0x00000000000006a0	R_AARCH64_CALL26	input_event	+0
.rela.text	0x00000000000006b4	R_AARCH64_CALL26	input_event	+0
.rela.text	0x00000000000006c8	R_AARCH64_CALL26	input_event	+0
.rela.text	0x00000000000006dc	R_AARCH64_CALL26	input_event	+0
.rela.text	0x0000000000000714	R_AARCH64_CALL26	input_event	+0
.rela.text	0x0000000000000728	R_AARCH64_CALL26	input_event	+0
.rela.text	0x000000000000073c	R_AARCH64_CALL26	input_event	+0
.rela.text	0x000000000000075c	R_AARCH64_ADR_PREL_PG_HI21	.bss	+0
.rela.text	0x0000000000000760	R_AARCH64_LDST64_ABS_LO12_NC	.bss	+0
.rela.text	0x0000000000000784	R_AARCH64_ADR_PREL_PG_HI21	.bss	+0
.rela.text	0x000000000000079c	R_AARCH64_LDST64_ABS_LO12_NC	.bss	+0
.rela.text	0x00000000000007d4	R_AARCH64_ADR_PREL_PG_HI21	.rodata	+0
.rela.text	0x00000000000007d8	R_AARCH64_ADD_ABS_LO12_NC	.rodata	+0
.rela.text	0x000000000000085c	R_AARCH64_ADR_PREL_PG_HI21	.bss	+20
.rela.text	0x0000000000000860	R_AARCH64_LDST32_ABS_LO12_NC	.bss	+20
.rela.text	0x000000000000087c	R_AARCH64_LDST32_ABS_LO12_NC	.bss	+20
.rela.text	0x0000000000000880	R_AARCH64_CALL26	input_event	+0
.rela.text	0x0000000000000894	R_AARCH64_CALL26	input_event	+0
.rela.text	0x00000000000008a8	R_AARCH64_CALL26	input_event	+0
.rela.text	0x00000000000008bc	R_AARCH64_CALL26	input_event	+0
.rela.text	0x00000000000008ec	R_AARCH64_ADR_PREL_PG_HI21	.bss	+0
.rela.text	0x0000000000000900	R_AARCH64_LDST64_ABS_LO12_NC	.bss	+0
.rela.text	0x0000000000000918	R_AARCH64_ADR_PREL_PG_HI21	.bss	+c
.rela.text	0x000000000000091c	R_AARCH64_LDST8_ABS_LO12_NC	.bss	+c
.rela.text	0x0000000000000924	R_AARCH64_ADR_PREL_PG_HI21	.bss	+8
.rela.text	0x0000000000000928	R_AARCH64_LDST8_ABS_LO12_NC	.bss	+8
.rela.text	0x000000000000093c	R_AARCH64_CALL26	hyn_i2c_read_byte	+0
.rela.text	0x0000000000000958	R_AARCH64_LDST64_ABS_LO12_NC	.bss	+0
.rela.text	0x0000000000000974	R_AARCH64_CALL26	hyn_i2c_read	+0
.rela.text	0x000000000000097c	R_AARCH64_ADR_PREL_PG_HI21	.bss	+14
.rela.text	0x0000000000000988	R_AARCH64_ADR_PREL_PG_HI21	.bss	+18
.rela.text	0x0000000000000990	R_AARCH64_ADR_PREL_PG_HI21	.bss	+10
.rela.text	0x0000000000000994	R_AARCH64_LDST8_ABS_LO12_NC	.bss	+14
.rela.text	0x00000000000009a0	R_AARCH64_LDST64_ABS_LO12_NC	.bss	+0
.rela.text	0x00000000000009ac	R_AARCH64_ADR_PREL_PG_HI21	.bss	+1c
.rela.text	0x00000000000009b4	R_AARCH64_LDST16_ABS_LO12_NC	.bss	+18
.rela.text	0x00000000000009b8	R_AARCH64_LDST8_ABS_LO12_NC	.bss	+10
.rela.text	0x00000000000009bc	R_AARCH64_LDST16_ABS_LO12_NC	.bss	+1c
.rela.text	0x00000000000009f0	R_AARCH64_CALL26	__stack_chk_fail	+0
.rela.text	0x0000000000000a04	R_AARCH64_CALL26	hyn_irq_disable	+0
.rela.text	0x0000000000000a08	R_AARCH64_ADR_PREL_PG_HI21	.bss	+0
.rela.text	0x0000000000000a10	R_AARCH64_LDST64_ABS_LO12_NC	.bss	+0
.rela.text	0x0000000000000a18	R_AARCH64_CALL26	irq_set_irq_type	+0
.rela.text	0x0000000000000a1c	R_AARCH64_CALL26	hyn_irq_enable	+0
.rela.text	0x0000000000000a3c	R_AARCH64_CALL26	hyn_irq_disable	+0
.rela.text	0x0000000000000a40	R_AARCH64_ADR_PREL_PG_HI21	.bss	+0
.rela.text	0x0000000000000a44	R_AARCH64_LDST64_ABS_LO12_NC	.bss	+0
.rela.text	0x0000000000000a54	R_AARCH64_CALL26	irq_set_irq_type	+0
.rela.text	0x0000000000000a58	R_AARCH64_CALL26	hyn_irq_enable	+0
.rela.text	0x0000000000000a84	R_AARCH64_ADR_PREL_PG_HI21	.bss	+8
.rela.text	0x0000000000000a90	R_AARCH64_LDST8_ABS_LO12_NC	.bss	+8
.rela.text	0x0000000000000aa0	R_AARCH64_ADR_PREL_PG_HI21	.bss	+0
.rela.text	0x0000000000000ab0	R_AARCH64_LDST64_ABS_LO12_NC	.bss	+0
.rela.text	0x0000000000000ab8	R_AARCH64_CALL26	hyn_i2c_write_byte	+0
.rela.text	0x0000000000000ac0	R_AARCH64_CALL26	msleep	+0
.rela.text	0x0000000000000ac4	R_AARCH64_LDST64_ABS_LO12_NC	.bss	+0
.rela.text	0x0000000000000ad4	R_AARCH64_CALL26	hyn_i2c_read_byte	+0
.rela.text	0x0000000000000ae4	R_AARCH64_LDST64_ABS_LO12_NC	.bss	+0
.rela.text	0x0000000000000af4	R_AARCH64_CALL26	hyn_i2c_write_byte	+0
.rela.text	0x0000000000000afc	R_AARCH64_CALL26	msleep	+0
.rela.text	0x0000000000000b00	R_AARCH64_LDST64_ABS_LO12_NC	.bss	+0
.rela.text	0x0000000000000b10	R_AARCH64_CALL26	hyn_i2c_read_byte	+0
.rela.text	0x0000000000000b20	R_AARCH64_LDST64_ABS_LO12_NC	.bss	+0
.rela.text	0x0000000000000b30	R_AARCH64_CALL26	hyn_i2c_write_byte	+0
.rela.text	0x0000000000000b38	R_AARCH64_CALL26	msleep	+0
.rela.text	0x0000000000000b3c	R_AARCH64_LDST64_ABS_LO12_NC	.bss	+0
.rela.text	0x0000000000000b4c	R_AARCH64_CALL26	hyn_i2c_read_byte	+0
.rela.text	0x0000000000000b5c	R_AARCH64_LDST64_ABS_LO12_NC	.bss	+0
.rela.text	0x0000000000000b6c	R_AARCH64_CALL26	hyn_i2c_write_byte	+0
.rela.text	0x0000000000000b74	R_AARCH64_CALL26	msleep	+0
.rela.text	0x0000000000000b78	R_AARCH64_ADR_PREL_PG_HI21	.bss	+c
.rela.text	0x0000000000000b7c	R_AARCH64_ADR_PREL_PG_HI21	.bss	+20
.rela.text	0x0000000000000b80	R_AARCH64_ADR_PREL_PG_HI21	.bss	+10
.rela.text	0x0000000000000b84	R_AARCH64_LDST8_ABS_LO12_NC	.bss	+c
.rela.text	0x0000000000000b88	R_AARCH64_LDST32_ABS_LO12_NC	.bss	+20
.rela.text	0x0000000000000b8c	R_AARCH64_LDST8_ABS_LO12_NC	.bss	+10
.rela.text	0x0000000000000b90	R_AARCH64_CALL26	hyn_irq_gesture_mode	+0
.rela.text	0x0000000000000bc8	R_AARCH64_CALL26	__stack_chk_fail	+0
.rela.text	0x0000000000000bdc	R_AARCH64_ADR_PREL_PG_HI21	.bss	+8
.rela.text	0x0000000000000be0	R_AARCH64_LDST8_ABS_LO12_NC	.bss	+8
.rela.text	0x0000000000000bec	R_AARCH64_ADR_PREL_PG_HI21	.bss	+c
.rela.text	0x0000000000000bf0	R_AARCH64_ADR_PREL_PG_HI21	.bss	+20
.rela.text	0x0000000000000bf4	R_AARCH64_ADR_PREL_PG_HI21	.bss	+10
.rela.text	0x0000000000000bf8	R_AARCH64_LDST8_ABS_LO12_NC	.bss	+c
.rela.text	0x0000000000000bfc	R_AARCH64_LDST32_ABS_LO12_NC	.bss	+20
.rela.text	0x0000000000000c00	R_AARCH64_LDST8_ABS_LO12_NC	.bss	+10
.rela.text	0x0000000000000c04	R_AARCH64_CALL26	hyn_irq_normal_mode	+0
.rela.text	0x0000000000000c08	R_AARCH64_ADR_PREL_PG_HI21	.bss	+0
.rela.text	0x0000000000000c14	R_AARCH64_LDST64_ABS_LO12_NC	.bss	+0
.rela.text	0x0000000000000c1c	R_AARCH64_CALL26	hyn_i2c_write_byte	+0
.rela.text	0x0000000000000c48	R_AARCH64_ADR_PREL_PG_HI21	.bss	+c
.rela.text	0x0000000000000c4c	R_AARCH64_LDST8_ABS_LO12_NC	.bss	+c
.rela.text	0x0000000000000c58	R_AARCH64_CALL26	hyn_gesture_suspend	+0
.rela.text	0x0000000000000ca4	R_AARCH64_ADR_PREL_PG_HI21	.bss	+0
.rela.text	0x0000000000000cb0	R_AARCH64_LDST64_ABS_LO12_NC	.bss	+0
.rela.text	0x0000000000000cd0	R_AARCH64_CALL26	pm_wakeup_dev_event	+0
.rela.text	0x0000000000000cd4	R_AARCH64_ADR_PREL_PG_HI21	.bss	+c
.rela.text	0x0000000000000cd8	R_AARCH64_LDST8_ABS_LO12_NC	.bss	+c
.rela.text	0x0000000000000ce4	R_AARCH64_CALL26	hyn_gesture_readdata	+0
.rela.text	0x0000000000000cec	R_AARCH64_LDST64_ABS_LO12_NC	.bss	+0
.rela.text	0x0000000000000d04	R_AARCH64_CALL26	hyn_i2c_read	+0
.rela.text	0x0000000000000d30	R_AARCH64_LDST64_ABS_LO12_NC	.bss	+0
.rela.text	0x0000000000000d5c	R_AARCH64_LDST64_ABS_LO12_NC	.bss	+0
.rela.text	0x0000000000000d80	R_AARCH64_LDST64_ABS_LO12_NC	.bss	+0
.rela.text	0x0000000000000d94	R_AARCH64_CALL26	input_event	+0
.rela.text	0x0000000000000d98	R_AARCH64_CALL26	hyn_irq_enable	+0
.rela.text	0x0000000000000dc4	R_AARCH64_CALL26	__stack_chk_fail	+0
.rela.text	0x0000000000000dd8	R_AARCH64_ADR_PREL_PG_HI21	.bss	+0
.rela.text	0x0000000000000de4	R_AARCH64_LDST64_ABS_LO12_NC	.bss	+0
.rela.text	0x0000000000000dec	R_AARCH64_CALL26	hyn_i2c_write_byte	+0
.rela.text	0x0000000000000e00	R_AARCH64_ADR_PREL_PG_HI21	.bss	+0
.rela.text	0x0000000000000e18	R_AARCH64_LDST64_ABS_LO12_NC	.bss	+0
.rela.text	0x0000000000000e58	R_AARCH64_ADR_PREL_PG_HI21	kmalloc_caches	+30
.rela.text	0x0000000000000e70	R_AARCH64_LDST64_ABS_LO12_NC	kmalloc_caches	+30
.rela.text	0x0000000000000e74	R_AARCH64_CALL26	kmalloc_trace	+0
.rela.text	0x0000000000000e90	R_AARCH64_ADR_PREL_PG_HI21	.rodata.str1.1	+21b
.rela.text	0x0000000000000e94	R_AARCH64_ADD_ABS_LO12_NC	.rodata.str1.1	+21b
.rela.text	0x0000000000000ea8	R_AARCH64_CALL26	of_find_property	+0
.rela.text	0x0000000000000eac	R_AARCH64_ADR_PREL_PG_HI21	.rodata.str1.1	+256
.rela.text	0x0000000000000eb0	R_AARCH64_ADD_ABS_LO12_NC	.rodata.str1.1	+256
.rela.text	0x0000000000000ec0	R_AARCH64_CALL26	of_get_named_gpio_flags	+0
.rela.text	0x0000000000000ec8	R_AARCH64_ADR_PREL_PG_HI21	.rodata.str1.1	+286
.rela.text	0x0000000000000ecc	R_AARCH64_ADD_ABS_LO12_NC	.rodata.str1.1	+286
.rela.text	0x0000000000000edc	R_AARCH64_CALL26	of_get_named_gpio_flags	+0
.rela.text	0x0000000000000ee4	R_AARCH64_ADR_PREL_PG_HI21	.rodata.str1.1	+da
.rela.text	0x0000000000000ee8	R_AARCH64_ADD_ABS_LO12_NC	.rodata.str1.1	+da
.rela.text	0x0000000000000ef8	R_AARCH64_CALL26	of_get_named_gpio_flags	+0
.rela.text	0x0000000000000f14	R_AARCH64_CALL26	of_property_read_variable_u32_array	+0
.rela.text	0x0000000000000f24	R_AARCH64_ADR_PREL_PG_HI21	.rodata.str1.1	+76
.rela.text	0x0000000000000f28	R_AARCH64_ADD_ABS_LO12_NC	.rodata.str1.1	+76
.rela.text	0x0000000000000f3c	R_AARCH64_CALL26	of_property_read_variable_u32_array	+0
.rela.text	0x0000000000000f4c	R_AARCH64_ADR_PREL_PG_HI21	.rodata.str1.1	+1c3
.rela.text	0x0000000000000f50	R_AARCH64_ADD_ABS_LO12_NC	.rodata.str1.1	+1c3
.rela.text	0x0000000000000f5c	R_AARCH64_CALL26	of_find_property	+0
.rela.text	0x0000000000000fac	R_AARCH64_CALL26	__stack_chk_fail	+0
.rela.text	0x0000000000000ff0	R_AARCH64_CALL26	hyn_i2c_read	+0
.rela.text	0x0000000000000ff8	R_AARCH64_ADR_PREL_PG_HI21	.bss	+0
.rela.text	0x0000000000001004	R_AARCH64_ADR_PREL_PG_HI21	second_touch_fw_version	+0
.rela.text	0x0000000000001008	R_AARCH64_ADD_ABS_LO12_NC	second_touch_fw_version	+0
.rela.text	0x0000000000001010	R_AARCH64_LDST64_ABS_LO12_NC	.bss	+0
.rela.text	0x0000000000001014	R_AARCH64_ADR_PREL_PG_HI21	.rodata.str1.1	+270
.rela.text	0x0000000000001018	R_AARCH64_ADD_ABS_LO12_NC	.rodata.str1.1	+270
.rela.text	0x0000000000001030	R_AARCH64_CALL26	sprintf	+0
.rela.text	0x000000000000105c	R_AARCH64_CALL26	__stack_chk_fail	+0
.rela.text	0x0000000000001070	R_AARCH64_CALL26	cst8xx_firmware_info	+0
.rela.text	0x0000000000001090	R_AARCH64_CALL26	cst8xx_firmware_info	+0
.rela.text	0x00000000000010d0	R_AARCH64_CALL26	hyn_reset_proc	+0
.rela.text	0x00000000000010d8	R_AARCH64_CALL26	msleep	+0
.rela.text	0x00000000000010f4	R_AARCH64_CALL26	msleep	+0
.rela.text	0x0000000000001114	R_AARCH64_CALL26	hyn_i2c_write_bytes	+0
.rela.text	0x000000000000112c	R_AARCH64_CALL26	hyn_i2c_read_bytes	+0
.rela.text	0x0000000000001158	R_AARCH64_CALL26	hyn_reset_proc	+0
.rela.text	0x000000000000118c	R_AARCH64_CALL26	__stack_chk_fail	+0
.rela.text	0x0000000000001190	R_AARCH64_ADR_PREL_PG_HI21	.bss	+0
.rela.text	0x0000000000001198	R_AARCH64_LDST64_ABS_LO12_NC	.bss	+0
.rela.text	0x00000000000011bc	R_AARCH64_ADR_PREL_PG_HI21	.rodata	+278
.rela.text	0x00000000000011c0	R_AARCH64_ADD_ABS_LO12_NC	.rodata	+278
.rela.text	0x0000000000001200	R_AARCH64_ADR_PREL_PG_HI21	cst816t_fw_len	+0
.rela.text	0x0000000000001204	R_AARCH64_ADD_ABS_LO12_NC	cst816t_fw_len	+0
.rela.text	0x0000000000001208	R_AARCH64_ADR_PREL_PG_HI21	cst816t_fw	+0
.rela.text	0x000000000000120c	R_AARCH64_ADD_ABS_LO12_NC	cst816t_fw	+0
.rela.text	0x0000000000001234	R_AARCH64_ADR_PREL_PG_HI21	cst8xx_fw_len	+0
.rela.text	0x0000000000001238	R_AARCH64_ADD_ABS_LO12_NC	cst8xx_fw_len	+0
.rela.text	0x000000000000123c	R_AARCH64_ADR_PREL_PG_HI21	cst8xx_fw	+0
.rela.text	0x0000000000001240	R_AARCH64_ADD_ABS_LO12_NC	cst8xx_fw	+0
.rela.text	0x0000000000001244	R_AARCH64_ADR_PREL_PG_HI21	.bss	+0
.rela.text	0x000000000000124c	R_AARCH64_LDST64_ABS_LO12_NC	.bss	+0
.rela.text	0x0000000000001258	R_AARCH64_CALL26	hyn_irq_disable	+0
.rela.text	0x000000000000125c	R_AARCH64_LDST64_ABS_LO12_NC	.bss	+0
.rela.text	0x000000000000126c	R_AARCH64_CALL26	cst8xx_firmware_info	+0
.rela.text	0x0000000000001274	R_AARCH64_CALL26	hyn_irq_enable	+0
.rela.text	0x0000000000001278	R_AARCH64_LDST64_ABS_LO12_NC	.bss	+0
.rela.text	0x00000000000012a4	R_AARCH64_CALL26	hyn_firmware_info	+0
.rela.text	0x00000000000012a8	R_AARCH64_ADR_PREL_PG_HI21	.bss	+0
.rela.text	0x00000000000012b4	R_AARCH64_LDST64_ABS_LO12_NC	.bss	+0
.rela.text	0x00000000000012e4	R_AARCH64_CALL26	input_allocate_device	+0
.rela.text	0x00000000000012ec	R_AARCH64_ADR_PREL_PG_HI21	.rodata.str1.1	+1e1
.rela.text	0x00000000000012f0	R_AARCH64_ADD_ABS_LO12_NC	.rodata.str1.1	+1e1
.rela.text	0x0000000000001344	R_AARCH64_CALL26	input_set_abs_params	+0
.rela.text	0x0000000000001364	R_AARCH64_CALL26	input_set_abs_params	+0
.rela.text	0x0000000000001384	R_AARCH64_CALL26	input_set_abs_params	+0
.rela.text	0x00000000000013a0	R_AARCH64_CALL26	input_set_abs_params	+0
.rela.text	0x00000000000013bc	R_AARCH64_CALL26	input_set_abs_params	+0
.rela.text	0x00000000000013c4	R_AARCH64_CALL26	input_register_device	+0
.rela.text	0x00000000000013d0	R_AARCH64_ADR_PREL_PG_HI21	.text	+c6c
.rela.text	0x00000000000013d4	R_AARCH64_ADD_ABS_LO12_NC	.text	+c6c
.rela.text	0x00000000000013d8	R_AARCH64_ADR_PREL_PG_HI21	.text	+c8c
.rela.text	0x00000000000013dc	R_AARCH64_ADD_ABS_LO12_NC	.text	+c8c
.rela.text	0x00000000000013f0	R_AARCH64_ADR_PREL_PG_HI21	.rodata.str1.1	+195
.rela.text	0x00000000000013f4	R_AARCH64_ADD_ABS_LO12_NC	.rodata.str1.1	+195
.rela.text	0x0000000000001414	R_AARCH64_CALL26	alloc_workqueue	+0
.rela.text	0x0000000000001420	R_AARCH64_CALL26	__flush_workqueue	+0
.rela.text	0x000000000000143c	R_AARCH64_CALL26	input_free_device	+0
.rela.text	0x0000000000001478	R_AARCH64_ADR_PREL_PG_HI21	.bss	+0
.rela.text	0x0000000000001488	R_AARCH64_LDST64_ABS_LO12_NC	.bss	+0
.rela.text	0x0000000000001498	R_AARCH64_CALL26	gpio_to_desc	+0
.rela.text	0x00000000000014b0	R_AARCH64_CALL26	of_find_matching_node_and_match	+0
.rela.text	0x00000000000014c8	R_AARCH64_CALL26	gpiod_to_irq	+0
.rela.text	0x00000000000014cc	R_AARCH64_LDST64_ABS_LO12_NC	.bss	+0
.rela.text	0x00000000000014d4	R_AARCH64_ADR_PREL_PG_HI21	.text	+1558
.rela.text	0x00000000000014d8	R_AARCH64_ADD_ABS_LO12_NC	.text	+1558
.rela.text	0x00000000000014dc	R_AARCH64_ADR_PREL_PG_HI21	.rodata.str1.1	+9f
.rela.text	0x00000000000014e0	R_AARCH64_ADD_ABS_LO12_NC	.rodata.str1.1	+9f
.rela.text	0x0000000000001500	R_AARCH64_CALL26	request_threaded_irq	+0
.rela.text	0x0000000000001508	R_AARCH64_LDST64_ABS_LO12_NC	.bss	+0
.rela.text	0x000000000000151c	R_AARCH64_CALL26	irq_set_irq_wake	+0
.rela.text	0x0000000000001550	R_AARCH64_CALL26	__stack_chk_fail	+0
.rela.text	0x0000000000001564	R_AARCH64_CALL26	hyn_irq_disable	+0
.rela.text	0x0000000000001568	R_AARCH64_ADR_PREL_PG_HI21	.bss	+0
.rela.text	0x000000000000156c	R_AARCH64_LDST64_ABS_LO12_NC	.bss	+0
.rela.text	0x0000000000001584	R_AARCH64_CALL26	queue_work_on	+0
.rela.text	0x00000000000015a8	R_AARCH64_ADR_PREL_PG_HI21	.rodata.str1.1	+247
.rela.text	0x00000000000015ac	R_AARCH64_ADD_ABS_LO12_NC	.rodata.str1.1	+247
.rela.text	0x00000000000015b4	R_AARCH64_CALL26	kobject_create_and_add	+0
.rela.text	0x00000000000015b8	R_AARCH64_ADR_PREL_PG_HI21	.bss	+0
.rela.text	0x00000000000015bc	R_AARCH64_LDST64_ABS_LO12_NC	.bss	+0
.rela.text	0x00000000000015c8	R_AARCH64_ADR_PREL_PG_HI21	.rodata	+50
.rela.text	0x00000000000015cc	R_AARCH64_ADD_ABS_LO12_NC	.rodata	+50
.rela.text	0x00000000000015d0	R_AARCH64_CALL26	sysfs_create_group	+0
.rela.text	0x00000000000015f8	R_AARCH64_ADR_PREL_PG_HI21	.bss	+0
.rela.text	0x00000000000015fc	R_AARCH64_LDST64_ABS_LO12_NC	.bss	+0
.rela.text	0x0000000000001608	R_AARCH64_ADR_PREL_PG_HI21	.rodata	+78
.rela.text	0x000000000000160c	R_AARCH64_ADD_ABS_LO12_NC	.rodata	+78
.rela.text	0x0000000000001610	R_AARCH64_CALL26	sysfs_create_group	+0
.rela.text	0x0000000000001630	R_AARCH64_ADR_PREL_PG_HI21	.bss	+0
.rela.text	0x0000000000001634	R_AARCH64_LDST64_ABS_LO12_NC	.bss	+0
.rela.text	0x0000000000001644	R_AARCH64_ADR_PREL_PG_HI21	.rodata	+50
.rela.text	0x0000000000001648	R_AARCH64_ADD_ABS_LO12_NC	.rodata	+50
.rela.text	0x000000000000164c	R_AARCH64_CALL26	sysfs_remove_group	+0
.rela.text	0x0000000000001680	R_AARCH64_CALL26	input_set_capability	+0
.rela.text	0x0000000000001690	R_AARCH64_CALL26	input_set_capability	+0
.rela.text	0x00000000000016a0	R_AARCH64_CALL26	input_set_capability	+0
.rela.text	0x00000000000016b0	R_AARCH64_CALL26	input_set_capability	+0
.rela.text	0x00000000000016c0	R_AARCH64_CALL26	input_set_capability	+0
.rela.text	0x00000000000016d0	R_AARCH64_CALL26	input_set_capability	+0
.rela.text	0x00000000000016e0	R_AARCH64_CALL26	input_set_capability	+0
.rela.text	0x00000000000016f0	R_AARCH64_CALL26	input_set_capability	+0
.rela.text	0x0000000000001700	R_AARCH64_CALL26	input_set_capability	+0
.rela.text	0x0000000000001710	R_AARCH64_CALL26	input_set_capability	+0
.rela.text	0x0000000000001720	R_AARCH64_CALL26	input_set_capability	+0
.rela.text	0x0000000000001730	R_AARCH64_CALL26	input_set_capability	+0
.rela.text	0x0000000000001740	R_AARCH64_CALL26	input_set_capability	+0
.rela.text	0x0000000000001744	R_AARCH64_ADR_PREL_PG_HI21	.bss	+8
.rela.text	0x0000000000001748	R_AARCH64_LDST8_ABS_LO12_NC	.bss	+8
.rela.text	0x000000000000174c	R_AARCH64_CALL26	hyn_create_gesture_sysfs	+0
.rela.text	0x0000000000001770	R_AARCH64_ADR_PREL_PG_HI21	.bss	+0
.rela.text	0x0000000000001774	R_AARCH64_LDST64_ABS_LO12_NC	.bss	+0
.rela.text	0x0000000000001784	R_AARCH64_ADR_PREL_PG_HI21	.rodata	+78
.rela.text	0x0000000000001788	R_AARCH64_ADD_ABS_LO12_NC	.rodata	+78
.rela.text	0x000000000000178c	R_AARCH64_CALL26	sysfs_remove_group	+0
.rela.text	0x00000000000017a4	R_AARCH64_ADR_PREL_PG_HI21	.bss	+0
.rela.text	0x00000000000017a8	R_AARCH64_LDST64_ABS_LO12_NC	.bss	+0
.rela.text	0x00000000000017b4	R_AARCH64_ADR_PREL_PG_HI21	tiny_tpgesture_status	+0
.rela.text	0x00000000000017bc	R_AARCH64_LDST32_ABS_LO12_NC	tiny_tpgesture_status	+0
.rela.text	0x00000000000017d8	R_AARCH64_ADR_PREL_PG_HI21	.bss	+0
.rela.text	0x00000000000017dc	R_AARCH64_LDST64_ABS_LO12_NC	.bss	+0
.rela.text	0x00000000000017f8	R_AARCH64_CALL26	hyn_reset_proc	+0
.rela.text	0x00000000000017fc	R_AARCH64_LDST64_ABS_LO12_NC	.bss	+0
.rela.text	0x0000000000001818	R_AARCH64_CALL26	input_event	+0
.rela.text	0x000000000000181c	R_AARCH64_LDST64_ABS_LO12_NC	.bss	+0
.rela.text	0x0000000000001830	R_AARCH64_CALL26	input_event	+0
.rela.text	0x0000000000001834	R_AARCH64_LDST64_ABS_LO12_NC	.bss	+0
.rela.text	0x0000000000001848	R_AARCH64_CALL26	input_event	+0
.rela.text	0x000000000000184c	R_AARCH64_ADR_PREL_PG_HI21	tiny_tpgesture_status	+0
.rela.text	0x0000000000001850	R_AARCH64_ADR_PREL_PG_HI21	.bss	+c
.rela.text	0x0000000000001854	R_AARCH64_LDST32_ABS_LO12_NC	tiny_tpgesture_status	+0
.rela.text	0x0000000000001858	R_AARCH64_LDST8_ABS_LO12_NC	.bss	+c
.rela.text	0x0000000000001860	R_AARCH64_CALL26	hyn_gesture_resume	+0
.rela.text	0x0000000000001878	R_AARCH64_CALL26	hyn_reset_proc	+0
.rela.text	0x000000000000187c	R_AARCH64_ADR_PREL_PG_HI21	tiny_tpgesture_status	+0
.rela.text	0x0000000000001880	R_AARCH64_LDST32_ABS_LO12_NC	tiny_tpgesture_status	+0
.rela.text	0x0000000000001888	R_AARCH64_CALL26	hyn_gesture_suspend	+0
.rela.text	0x0000000000001890	R_AARCH64_CALL26	hyn_irq_enable	+0
.rela.text	0x0000000000001898	R_AARCH64_CALL26	hyn_irq_disable	+0
.rela.text	0x000000000000189c	R_AARCH64_CALL26	hyn_enter_deep_sleep	+0
.rela.text	0x00000000000018c8	R_AARCH64_ADR_PREL_PG_HI21	.bss	+0
.rela.text	0x00000000000018d0	R_AARCH64_LDST64_ABS_LO12_NC	.bss	+0
.rela.text	0x00000000000018d8	R_AARCH64_CALL26	mutex_lock	+0
.rela.text	0x00000000000018dc	R_AARCH64_LDST64_ABS_LO12_NC	.bss	+0
.rela.text	0x00000000000018e4	R_AARCH64_CALL26	cst8xx_firmware_info	+0
.rela.text	0x00000000000018ec	R_AARCH64_LDST64_ABS_LO12_NC	.bss	+0
.rela.text	0x00000000000018f0	R_AARCH64_ADR_PREL_PG_HI21	.rodata.str1.1	+10
.rela.text	0x00000000000018f4	R_AARCH64_ADD_ABS_LO12_NC	.rodata.str1.1	+10
.rela.text	0x0000000000001914	R_AARCH64_CALL26	snprintf	+0
.rela.text	0x0000000000001920	R_AARCH64_ADR_PREL_PG_HI21	.rodata.str1.1	+1a7
.rela.text	0x0000000000001924	R_AARCH64_ADD_ABS_LO12_NC	.rodata.str1.1	+1a7
.rela.text	0x0000000000001948	R_AARCH64_LDST64_ABS_LO12_NC	.bss	+0
.rela.text	0x0000000000001950	R_AARCH64_CALL26	mutex_unlock	+0
.rela.text	0x0000000000001998	R_AARCH64_ADR_PREL_PG_HI21	.bss	+0
.rela.text	0x00000000000019a0	R_AARCH64_LDST64_ABS_LO12_NC	.bss	+0
.rela.text	0x00000000000019a8	R_AARCH64_CALL26	hyn_boot_update_fw	+0
.rela.text	0x00000000000019e0	R_AARCH64_ADR_PREL_PG_HI21	.bss	+0
.rela.text	0x00000000000019fc	R_AARCH64_LDST64_ABS_LO12_NC	.bss	+0
.rela.text	0x0000000000001a0c	R_AARCH64_CALL26	cst3xx_i2c_read_register	+0
.rela.text	0x0000000000001a18	R_AARCH64_ADR_PREL_PG_HI21	.rodata.str1.1	+1e8
.rela.text	0x0000000000001a1c	R_AARCH64_ADD_ABS_LO12_NC	.rodata.str1.1	+1e8
.rela.text	0x0000000000001a40	R_AARCH64_CALL26	snprintf	+0
.rela.text	0x0000000000001a78	R_AARCH64_CALL26	__stack_chk_fail	+0
.rela.text	0x0000000000001a9c	R_AARCH64_ADR_PREL_PG_HI21	.bss	+0
.rela.text	0x0000000000001ab8	R_AARCH64_LDST64_ABS_LO12_NC	.bss	+0
.rela.text	0x0000000000001ad0	R_AARCH64_CALL26	mutex_lock	+0
.rela.text	0x0000000000001ae0	R_AARCH64_CALL26	memcpy	+0
.rela.text	0x0000000000001afc	R_AARCH64_ADR_PREL_PG_HI21	.rodata	+46
.rela.text	0x0000000000001b00	R_AARCH64_ADD_ABS_LO12_NC	.rodata	+46
.rela.text	0x0000000000001b14	R_AARCH64_LDST64_ABS_LO12_NC	.bss	+0
.rela.text	0x0000000000001b1c	R_AARCH64_CALL26	cst3xx_firmware_info	+0
.rela.text	0x0000000000001b3c	R_AARCH64_LDST64_ABS_LO12_NC	.bss	+0
.rela.text	0x0000000000001b5c	R_AARCH64_LDST64_ABS_LO12_NC	.bss	+0
.rela.text	0x0000000000001b6c	R_AARCH64_CALL26	cst3xx_i2c_write	+0
.rela.text	0x0000000000001b74	R_AARCH64_CALL26	hyn_irq_disable	+0
.rela.text	0x0000000000001b7c	R_AARCH64_CALL26	hyn_irq_enable	+0
.rela.text	0x0000000000001b80	R_AARCH64_LDST64_ABS_LO12_NC	.bss	+0
.rela.text	0x0000000000001b88	R_AARCH64_CALL26	mutex_unlock	+0
.rela.text	0x0000000000001b94	R_AARCH64_CALL26	hyn_reset_proc	+0
.rela.text	0x0000000000001b9c	R_AARCH64_LDST64_ABS_LO12_NC	.bss	+0
.rela.text	0x0000000000001ba4	R_AARCH64_CALL26	hyn_boot_update_fw	+0
.rela.text	0x0000000000001ba8	R_AARCH64_LDST64_ABS_LO12_NC	.bss	+0
.rela.text	0x0000000000001bb4	R_AARCH64_CALL26	mutex_unlock	+0
.rela.text	0x0000000000001bf0	R_AARCH64_CALL26	__stack_chk_fail	+0
.rela.text	0x0000000000001c20	R_AARCH64_ADR_PREL_PG_HI21	.bss	+0
.rela.text	0x0000000000001c2c	R_AARCH64_LDST64_ABS_LO12_NC	.bss	+0
.rela.text	0x0000000000001c38	R_AARCH64_ADR_PREL_PG_HI21	.rodata.str1.1	+268
.rela.text	0x0000000000001c3c	R_AARCH64_ADD_ABS_LO12_NC	.rodata.str1.1	+268
.rela.text	0x0000000000001c48	R_AARCH64_CALL26	sprintf	+0
.rela.text	0x0000000000001c54	R_AARCH64_CALL26	__kmalloc	+0
.rela.text	0x0000000000001c5c	R_AARCH64_LDST64_ABS_LO12_NC	.bss	+0
.rela.text	0x0000000000001c68	R_AARCH64_CALL26	mutex_lock	+0
.rela.text	0x0000000000001c6c	R_AARCH64_LDST64_ABS_LO12_NC	.bss	+0
.rela.text	0x0000000000001c74	R_AARCH64_CALL26	mutex_unlock	+0
.rela.text	0x0000000000001c7c	R_AARCH64_CALL26	kfree	+0
.rela.text	0x0000000000001cb8	R_AARCH64_CALL26	__stack_chk_fail	+0
.rela.text	0x0000000000001ce4	R_AARCH64_ADR_PREL_PG_HI21	.bss	+8
.rela.text	0x0000000000001ce8	R_AARCH64_ADR_PREL_PG_HI21	.bss	+10
.rela.text	0x0000000000001cec	R_AARCH64_ADR_PREL_PG_HI21	.rodata.str1.1	+162
.rela.text	0x0000000000001cf0	R_AARCH64_ADD_ABS_LO12_NC	.rodata.str1.1	+162
.rela.text	0x0000000000001cf4	R_AARCH64_ADR_PREL_PG_HI21	.rodata.str1.1	+166
.rela.text	0x0000000000001cf8	R_AARCH64_ADD_ABS_LO12_NC	.rodata.str1.1	+166
.rela.text	0x0000000000001cfc	R_AARCH64_LDST8_ABS_LO12_NC	.bss	+8
.rela.text	0x0000000000001d04	R_AARCH64_LDST8_ABS_LO12_NC	.bss	+10
.rela.text	0x0000000000001d08	R_AARCH64_ADR_PREL_PG_HI21	.rodata.str1.1	+17a
.rela.text	0x0000000000001d0c	R_AARCH64_ADD_ABS_LO12_NC	.rodata.str1.1	+17a
.rela.text	0x0000000000001d18	R_AARCH64_CALL26	sprintf	+0
.rela.text	0x0000000000001d44	R_AARCH64_ADR_PREL_PG_HI21	.bss	+8
.rela.text	0x0000000000001d48	R_AARCH64_LDST8_ABS_LO12_NC	.bss	+8
.rela.text	0x0000000000001d60	R_AARCH64_ADR_PREL_PG_HI21	.bss	+10
.rela.text	0x0000000000001d64	R_AARCH64_ADR_PREL_PG_HI21	.bss	+14
.rela.text	0x0000000000001d68	R_AARCH64_ADR_PREL_PG_HI21	.bss	+18
.rela.text	0x0000000000001d6c	R_AARCH64_ADR_PREL_PG_HI21	.bss	+1c
.rela.text	0x0000000000001d74	R_AARCH64_ADR_PREL_PG_HI21	.rodata.str1.1	+ec
.rela.text	0x0000000000001d78	R_AARCH64_ADD_ABS_LO12_NC	.rodata.str1.1	+ec
.rela.text	0x0000000000001d7c	R_AARCH64_LDST8_ABS_LO12_NC	.bss	+10
.rela.text	0x0000000000001d80	R_AARCH64_LDST8_ABS_LO12_NC	.bss	+14
.rela.text	0x0000000000001d88	R_AARCH64_LDST16_ABS_LO12_NC	.bss	+18
.rela.text	0x0000000000001d8c	R_AARCH64_LDST16_ABS_LO12_NC	.bss	+1c
.rela.text	0x0000000000001d90	R_AARCH64_CALL26	snprintf	+0
.rela.text	0x0000000000001ddc	R_AARCH64_CALL26	of_match_device	+0
.rela.text	0x0000000000001de0	R_AARCH64_ADR_PREL_PG_HI21	kmalloc_caches	+10
.rela.text	0x0000000000001dec	R_AARCH64_LDST64_ABS_LO12_NC	kmalloc_caches	+10
.rela.text	0x0000000000001df0	R_AARCH64_CALL26	kmalloc_trace	+0
.rela.text	0x0000000000001dfc	R_AARCH64_ADR_PREL_PG_HI21	.bss	+0
.rela.text	0x0000000000001e04	R_AARCH64_ADR_PREL_PG_HI21	.rodata.str1.1	+0
.rela.text	0x0000000000001e08	R_AARCH64_ADD_ABS_LO12_NC	.rodata.str1.1	+0
.rela.text	0x0000000000001e0c	R_AARCH64_ADR_PREL_PG_HI21	.bss	+28
.rela.text	0x0000000000001e10	R_AARCH64_ADD_ABS_LO12_NC	.bss	+28
.rela.text	0x0000000000001e14	R_AARCH64_LDST64_ABS_LO12_NC	.bss	+0
.rela.text	0x0000000000001e1c	R_AARCH64_CALL26	__mutex_init	+0
.rela.text	0x0000000000001e24	R_AARCH64_CALL26	hyn_platform_data_init	+0
.rela.text	0x0000000000001e34	R_AARCH64_ADR_PREL_PG_HI21	.rodata.str1.1	+29a
.rela.text	0x0000000000001e38	R_AARCH64_ADD_ABS_LO12_NC	.rodata.str1.1	+29a
.rela.text	0x0000000000001e40	R_AARCH64_CALL26	gpio_request	+0
.rela.text	0x0000000000001e54	R_AARCH64_CALL26	gpio_to_desc	+0
.rela.text	0x0000000000001e5c	R_AARCH64_CALL26	gpiod_direction_output_raw	+0
.rela.text	0x0000000000001e64	R_AARCH64_ADR_PREL_PG_HI21	.rodata.str1.1	+cd
.rela.text	0x0000000000001e68	R_AARCH64_ADD_ABS_LO12_NC	.rodata.str1.1	+cd
.rela.text	0x0000000000001e70	R_AARCH64_CALL26	gpio_request	+0
.rela.text	0x0000000000001e84	R_AARCH64_CALL26	gpio_to_desc	+0
.rela.text	0x0000000000001e88	R_AARCH64_CALL26	gpiod_direction_input	+0
.rela.text	0x0000000000001e90	R_AARCH64_ADR_PREL_PG_HI21	.rodata.str1.1	+90
.rela.text	0x0000000000001e94	R_AARCH64_ADD_ABS_LO12_NC	.rodata.str1.1	+90
.rela.text	0x0000000000001e9c	R_AARCH64_CALL26	gpio_request	+0
.rela.text	0x0000000000001eb0	R_AARCH64_CALL26	gpio_to_desc	+0
.rela.text	0x0000000000001eb8	R_AARCH64_CALL26	gpiod_direction_output_raw	+0
.rela.text	0x0000000000001ec0	R_AARCH64_CALL26	hyn_reset_proc	+0
.rela.text	0x0000000000001ec8	R_AARCH64_CALL26	hyn_ts_data_init	+0
.rela.text	0x0000000000001ed8	R_AARCH64_CALL26	__const_udelay	+0
.rela.text	0x0000000000001ee8	R_AARCH64_CALL26	hyn_firmware_info	+0
.rela.text	0x0000000000001ef4	R_AARCH64_CALL26	hyn_detect_bootloader	+0
.rela.text	0x0000000000001f08	R_AARCH64_CALL26	__const_udelay	+0
.rela.text	0x0000000000001f18	R_AARCH64_CALL26	hyn_input_dev_int	+0
.rela.text	0x0000000000001f28	R_AARCH64_CALL26	hyn_irq_init	+0
.rela.text	0x0000000000001f34	R_AARCH64_CALL26	hyn_irq_disable	+0
.rela.text	0x0000000000001f3c	R_AARCH64_CALL26	hyn_update_firmware_init	+0
.rela.text	0x0000000000001f40	R_AARCH64_CALL26	hyn_create_sysfs	+0
.rela.text	0x0000000000001f50	R_AARCH64_CALL26	hyn_gesture_init	+0
.rela.text	0x0000000000001f64	R_AARCH64_CALL26	free_irq	+0
.rela.text	0x0000000000001f70	R_AARCH64_CALL26	input_free_device	+0
.rela.text	0x0000000000001f8c	R_AARCH64_CALL26	gpio_free	+0
.rela.text	0x0000000000001f98	R_AARCH64_CALL26	gpio_free	+0
.rela.text	0x0000000000001fa4	R_AARCH64_CALL26	gpio_free	+0
.rela.text	0x0000000000001fac	R_AARCH64_CALL26	kfree	+0
.rela.text	0x0000000000001fb4	R_AARCH64_CALL26	kfree	+0
.rela.text	0x0000000000001fb8	R_AARCH64_LDST64_ABS_LO12_NC	.bss	+0
.rela.text	0x0000000000001fd8	R_AARCH64_CALL26	hyn_reset_proc	+0
.rela.text	0x0000000000001fdc	R_AARCH64_CALL26	hyn_irq_enable	+0
.rela.text	0x0000000000001fe0	R_AARCH64_ADR_PREL_PG_HI21	.rodata.str1.1	+1e1
.rela.text	0x0000000000001fe4	R_AARCH64_ADD_ABS_LO12_NC	.rodata.str1.1	+1e1
.rela.text	0x0000000000001fec	R_AARCH64_CALL26	yft_set_touch_device_used	+0
.rela.text	0x0000000000002008	R_AARCH64_ADR_PREL_PG_HI21	.bss	+0
.rela.text	0x000000000000200c	R_AARCH64_LDST64_ABS_LO12_NC	.bss	+0
.rela.text	0x0000000000002014	R_AARCH64_CALL26	hyn_gesture_exit	+0
.rela.text	0x0000000000002018	R_AARCH64_CALL26	hyn_release_sysfs	+0
.rela.text	0x0000000000002024	R_AARCH64_CALL26	free_irq	+0
.rela.text	0x0000000000002030	R_AARCH64_CALL26	__flush_workqueue	+0
.rela.text	0x000000000000203c	R_AARCH64_CALL26	input_free_device	+0
.rela.text	0x0000000000002048	R_AARCH64_CALL26	gpio_free	+0
.rela.text	0x0000000000002054	R_AARCH64_CALL26	gpio_free	+0
.rela.text	0x0000000000002060	R_AARCH64_CALL26	gpio_free	+0
.rela.text	0x0000000000002068	R_AARCH64_CALL26	kfree	+0
.rela.text	0x0000000000002070	R_AARCH64_CALL26	kfree	+0
.rela.text	0x0000000000002074	R_AARCH64_LDST64_ABS_LO12_NC	.bss	+0
.rela___ksymtab+tiny_tp_gesture_contorl	0x0000000000000000	R_AARCH64_PREL32	tiny_tp_gesture_contorl	+0
.rela___ksymtab+tiny_tp_gesture_contorl	0x0000000000000004	R_AARCH64_PREL32	__ksymtab_strings	+17
.rela___ksymtab+tiny_tp_gesture_contorl	0x0000000000000008	R_AARCH64_PREL32	__ksymtab_strings	+0
.rela___ksymtab+tiny_tp_gesture_contorl	0x000000000000000c	R_AARCH64_PREL32	tiny_tp_power_contorl	+0
.rela___ksymtab+tiny_tp_gesture_contorl	0x0000000000000010	R_AARCH64_PREL32	__ksymtab_strings	+1
.rela___ksymtab+tiny_tp_gesture_contorl	0x0000000000000014	R_AARCH64_PREL32	__ksymtab_strings	+0
.rela.rodata	0x0000000000000068	R_AARCH64_ABS64	.data	+7878
.rela.rodata	0x0000000000000090	R_AARCH64_ABS64	.data	+7948
.rela.init.text	0x0000000000000014	R_AARCH64_ADR_PREL_PG_HI21	.data	+79a0
.rela.init.text	0x0000000000000018	R_AARCH64_ADD_ABS_LO12_NC	.data	+79a0
.rela.init.text	0x0000000000000024	R_AARCH64_CALL26	yft_touchpanel_device_add	+0
.rela.init.text	0x0000000000000028	R_AARCH64_ADR_PREL_PG_HI21	__this_module	+0
.rela.init.text	0x000000000000002c	R_AARCH64_ADD_ABS_LO12_NC	__this_module	+0
.rela.init.text	0x0000000000000034	R_AARCH64_CALL26	i2c_register_driver	+0
.rela.exit.text	0x0000000000000010	R_AARCH64_ADR_PREL_PG_HI21	.data	+79a0
.rela.exit.text	0x0000000000000014	R_AARCH64_ADD_ABS_LO12_NC	.data	+79a0
.rela.exit.text	0x0000000000000018	R_AARCH64_CALL26	i2c_del_driver	+0
.rela.data	0x0000000000007878	R_AARCH64_ABS64	.data	+78a8
.rela.data	0x0000000000007880	R_AARCH64_ABS64	.data	+78c8
.rela.data	0x0000000000007888	R_AARCH64_ABS64	.data	+78e8
.rela.data	0x0000000000007890	R_AARCH64_ABS64	.data	+7908
.rela.data	0x0000000000007898	R_AARCH64_ABS64	.data	+7928
.rela.data	0x00000000000078a8	R_AARCH64_ABS64	.rodata.str1.1	+19c
.rela.data	0x00000000000078b8	R_AARCH64_ABS64	.text	+18b4
.rela.data	0x00000000000078c0	R_AARCH64_ABS64	.text	+1970
.rela.data	0x00000000000078c8	R_AARCH64_ABS64	.rodata.str1.1	+1d5
.rela.data	0x00000000000078d8	R_AARCH64_ABS64	.text	+197c
.rela.data	0x00000000000078e0	R_AARCH64_ABS64	.text	+1988
.rela.data	0x00000000000078e8	R_AARCH64_ABS64	.rodata.str1.1	+b2
.rela.data	0x00000000000078f8	R_AARCH64_ABS64	.text	+19c8
.rela.data	0x0000000000007900	R_AARCH64_ABS64	.text	+1a80
.rela.data	0x0000000000007908	R_AARCH64_ABS64	.rodata.str1.1	+bd
.rela.data	0x0000000000007918	R_AARCH64_ABS64	.text	+1bf8
.rela.data	0x0000000000007920	R_AARCH64_ABS64	.text	+1c04
.rela.data	0x0000000000007928	R_AARCH64_ABS64	.rodata.str1.1	+2cd
.rela.data	0x0000000000007938	R_AARCH64_ABS64	.text	+1cc0
.rela.data	0x0000000000007940	R_AARCH64_ABS64	.text	+1ccc
.rela.data	0x0000000000007948	R_AARCH64_ABS64	.data	+7960
.rela.data	0x0000000000007950	R_AARCH64_ABS64	.data	+7980
.rela.data	0x0000000000007960	R_AARCH64_ABS64	.rodata.str1.1	+169
.rela.data	0x0000000000007970	R_AARCH64_ABS64	.text	+1cd8
.rela.data	0x0000000000007978	R_AARCH64_ABS64	.text	+1d30
.rela.data	0x0000000000007980	R_AARCH64_ABS64	.rodata.str1.1	+2de
.rela.data	0x0000000000007990	R_AARCH64_ABS64	.text	+1d54
.rela.data	0x0000000000007998	R_AARCH64_ABS64	.text	+1da8
.rela.data	0x00000000000079a8	R_AARCH64_ABS64	.text	+1db4
.rela.data	0x00000000000079b0	R_AARCH64_ABS64	.text	+1ff8
.rela.data	0x00000000000079d8	R_AARCH64_ABS64	.rodata.str1.1	+1e1
.rela.data	0x0000000000007a00	R_AARCH64_ABS64	.rodata	+e0
.rela.data	0x0000000000007a88	R_AARCH64_ABS64	.rodata	+a0
.rela.data	0x0000000000007a90	R_AARCH64_ABS64	.text	+208c
.rela.init.data	0x0000000000000000	R_AARCH64_ABS64	init_module	+0
.rela.exit.data	0x0000000000000000	R_AARCH64_ABS64	cleanup_module	+0
.rela.eh_frame	0x000000000000001c	R_AARCH64_PREL32	.text	+4
.rela.eh_frame	0x0000000000000054	R_AARCH64_PREL32	.text	+94
.rela.eh_frame	0x0000000000000080	R_AARCH64_PREL32	.text	+e4
.rela.eh_frame	0x00000000000000ac	R_AARCH64_PREL32	.text	+140
.rela.eh_frame	0x00000000000000d8	R_AARCH64_PREL32	.text	+1a0
.rela.eh_frame	0x0000000000000118	R_AARCH64_PREL32	.text	+280
.rela.eh_frame	0x0000000000000148	R_AARCH64_PREL32	.text	+314
.rela.eh_frame	0x000000000000017c	R_AARCH64_PREL32	.text	+370
.rela.eh_frame	0x00000000000001b0	R_AARCH64_PREL32	.text	+3cc
.rela.eh_frame	0x00000000000001e4	R_AARCH64_PREL32	.text	+424
.rela.eh_frame	0x00000000000001f8	R_AARCH64_PREL32	.text	+42c
.rela.eh_frame	0x000000000000022c	R_AARCH64_PREL32	.text	+5a4
.rela.eh_frame	0x0000000000000258	R_AARCH64_PREL32	.text	+5f0
.rela.eh_frame	0x0000000000000284	R_AARCH64_PREL32	.text	+634
.rela.eh_frame	0x00000000000002bc	R_AARCH64_PREL32	.text	+6f4
.rela.eh_frame	0x00000000000002e8	R_AARCH64_PREL32	.text	+750
.rela.eh_frame	0x0000000000000314	R_AARCH64_PREL32	.text	+778
.rela.eh_frame	0x0000000000000340	R_AARCH64_PREL32	.text	+7b4
.rela.eh_frame	0x0000000000000370	R_AARCH64_PREL32	.text	+8d4
.rela.eh_frame	0x00000000000003a4	R_AARCH64_PREL32	.text	+9f8
.rela.eh_frame	0x00000000000003d0	R_AARCH64_PREL32	.text	+a30
.rela.eh_frame	0x00000000000003fc	R_AARCH64_PREL32	.text	+a6c
.rela.eh_frame	0x0000000000000430	R_AARCH64_PREL32	.text	+bd0
.rela.eh_frame	0x000000000000045c	R_AARCH64_PREL32	.text	+c3c
.rela.eh_frame	0x0000000000000488	R_AARCH64_PREL32	.text	+c6c
.rela.eh_frame	0x00000000000004b4	R_AARCH64_PREL32	.text	+c8c
.rela.eh_frame	0x00000000000004e8	R_AARCH64_PREL32	.text	+dcc
.rela.eh_frame	0x0000000000000514	R_AARCH64_PREL32	.text	+e00
.rela.eh_frame	0x0000000000000528	R_AARCH64_PREL32	.text	+e3c
.rela.eh_frame	0x0000000000000560	R_AARCH64_PREL32	.text	+fb4
.rela.eh_frame	0x0000000000000590	R_AARCH64_PREL32	.text	+1064
.rela.eh_frame	0x00000000000005bc	R_AARCH64_PREL32	.text	+1084
.rela.eh_frame	0x00000000000005e8	R_AARCH64_PREL32	.text	+10a4
.rela.eh_frame	0x0000000000000620	R_AARCH64_PREL32	.text	+1190
.rela.eh_frame	0x0000000000000634	R_AARCH64_PREL32	.text	+11d8
.rela.eh_frame	0x0000000000000664	R_AARCH64_PREL32	.text	+1298
.rela.eh_frame	0x0000000000000690	R_AARCH64_PREL32	.text	+12cc
.rela.eh_frame	0x00000000000006c4	R_AARCH64_PREL32	.text	+145c
.rela.eh_frame	0x00000000000006fc	R_AARCH64_PREL32	.text	+1558
.rela.eh_frame	0x0000000000000728	R_AARCH64_PREL32	.text	+159c
.rela.eh_frame	0x0000000000000754	R_AARCH64_PREL32	.text	+15ec
.rela.eh_frame	0x0000000000000780	R_AARCH64_PREL32	.text	+1624
.rela.eh_frame	0x00000000000007ac	R_AARCH64_PREL32	.text	+1660
.rela.eh_frame	0x00000000000007dc	R_AARCH64_PREL32	.text	+1764
.rela.eh_frame	0x0000000000000808	R_AARCH64_PREL32	.text	+17a4
.rela.eh_frame	0x000000000000081c	R_AARCH64_PREL32	.text	+17c8
.rela.eh_frame	0x000000000000084c	R_AARCH64_PREL32	.init.text	+4
.rela.eh_frame	0x0000000000000878	R_AARCH64_PREL32	.exit.text	+4
.rela.eh_frame	0x00000000000008a4	R_AARCH64_PREL32	.text	+18b4
.rela.eh_frame	0x00000000000008d8	R_AARCH64_PREL32	.text	+1970
.rela.eh_frame	0x00000000000008ec	R_AARCH64_PREL32	.text	+197c
.rela.eh_frame	0x0000000000000900	R_AARCH64_PREL32	.text	+1988
.rela.eh_frame	0x000000000000092c	R_AARCH64_PREL32	.text	+19c8
.rela.eh_frame	0x000000000000095c	R_AARCH64_PREL32	.text	+1a80
.rela.eh_frame	0x0000000000000998	R_AARCH64_PREL32	.text	+1bf8
.rela.eh_frame	0x00000000000009ac	R_AARCH64_PREL32	.text	+1c04
.rela.eh_frame	0x00000000000009e8	R_AARCH64_PREL32	.text	+1cc0
.rela.eh_frame	0x00000000000009fc	R_AARCH64_PREL32	.text	+1ccc
.rela.eh_frame	0x0000000000000a10	R_AARCH64_PREL32	.text	+1cd8
.rela.eh_frame	0x0000000000000a3c	R_AARCH64_PREL32	.text	+1d30
.rela.eh_frame	0x0000000000000a50	R_AARCH64_PREL32	.text	+1d54
.rela.eh_frame	0x0000000000000a7c	R_AARCH64_PREL32	.text	+1da8
.rela.eh_frame	0x0000000000000a90	R_AARCH64_PREL32	.text	+1db4
.rela.eh_frame	0x0000000000000acc	R_AARCH64_PREL32	.text	+1ff8
.rela.eh_frame	0x0000000000000afc	R_AARCH64_PREL32	.text	+208c
.rela.gnu.linkonce.this_module	0x0000000000000170	R_AARCH64_ABS64	init_module	+0
.rela.gnu.linkonce.this_module	0x00000000000003d8	R_AARCH64_ABS64	cleanup_module	+0
