relocation_section	offset	type	target_addend	owning_function
.rela.text	0x1c	R_AARCH64_ADR_PREL_PG_HI21	.rodata.str1.1 + 285	tiny2c_usb_power_init
.rela.text	0x20	R_AARCH64_ADD_ABS_LO12_NC	.rodata.str1.1 + 285	tiny2c_usb_power_init
.rela.text	0x24	R_AARCH64_ADR_PREL_PG_HI21	.rodata.str1.1 + 201	tiny2c_usb_power_init
.rela.text	0x28	R_AARCH64_ADD_ABS_LO12_NC	.rodata.str1.1 + 201	tiny2c_usb_power_init
.rela.text	0x30	R_AARCH64_CALL26	_printk + 0	tiny2c_usb_power_init
.rela.text	0x38	R_AARCH64_CALL26	gpio_to_desc + 0	tiny2c_usb_power_init
.rela.text	0x40	R_AARCH64_CALL26	gpiod_set_raw_value + 0	tiny2c_usb_power_init
.rela.text	0x4c	R_AARCH64_CALL26	gpio_to_desc + 0	tiny2c_usb_power_init
.rela.text	0x54	R_AARCH64_CALL26	gpiod_set_raw_value + 0	tiny2c_usb_power_init
.rela.text	0x5c	R_AARCH64_CALL26	gpio_to_desc + 0	tiny2c_usb_power_init
.rela.text	0x64	R_AARCH64_CALL26	gpiod_set_raw_value + 0	tiny2c_usb_power_init
.rela.text	0x6c	R_AARCH64_CALL26	gpio_to_desc + 0	tiny2c_usb_power_init
.rela.text	0x74	R_AARCH64_CALL26	gpiod_set_raw_value + 0	tiny2c_usb_power_init
.rela.text	0xa8	R_AARCH64_ADR_PREL_PG_HI21	.bss + 8	tiny2c_usb_mode_show
.rela.text	0xb0	R_AARCH64_LDST64_ABS_LO12_NC	.bss + 8	tiny2c_usb_mode_show
.rela.text	0xb8	R_AARCH64_CALL26	gpio_to_desc + 0	tiny2c_usb_mode_show
.rela.text	0xbc	R_AARCH64_CALL26	gpiod_get_raw_value + 0	tiny2c_usb_mode_show
.rela.text	0xc0	R_AARCH64_LDST64_ABS_LO12_NC	.bss + 8	tiny2c_usb_mode_show
.rela.text	0xcc	R_AARCH64_CALL26	gpio_to_desc + 0	tiny2c_usb_mode_show
.rela.text	0xd0	R_AARCH64_CALL26	gpiod_get_raw_value + 0	tiny2c_usb_mode_show
.rela.text	0xd4	R_AARCH64_LDST64_ABS_LO12_NC	.bss + 8	tiny2c_usb_mode_show
.rela.text	0xe0	R_AARCH64_CALL26	gpio_to_desc + 0	tiny2c_usb_mode_show
.rela.text	0xe4	R_AARCH64_CALL26	gpiod_get_raw_value + 0	tiny2c_usb_mode_show
.rela.text	0xe8	R_AARCH64_LDST64_ABS_LO12_NC	.bss + 8	tiny2c_usb_mode_show
.rela.text	0xf4	R_AARCH64_CALL26	gpio_to_desc + 0	tiny2c_usb_mode_show
.rela.text	0xf8	R_AARCH64_CALL26	gpiod_get_raw_value + 0	tiny2c_usb_mode_show
.rela.text	0x100	R_AARCH64_ADR_PREL_PG_HI21	.rodata.str1.1 + 3c9	tiny2c_usb_mode_show
.rela.text	0x104	R_AARCH64_ADD_ABS_LO12_NC	.rodata.str1.1 + 3c9	tiny2c_usb_mode_show
.rela.text	0x11c	R_AARCH64_CALL26	scnprintf + 0	tiny2c_usb_mode_show
.rela.text	0x13c	R_AARCH64_ADR_PREL_PG_HI21	.rodata.str1.1 + 17a	tiny2c_usb_mode_show
.rela.text	0x140	R_AARCH64_ADD_ABS_LO12_NC	.rodata.str1.1 + 17a	tiny2c_usb_mode_show
.rela.text	0x144	R_AARCH64_CALL26	_printk + 0	tiny2c_usb_mode_show
.rela.text	0x178	R_AARCH64_ADR_PREL_PG_HI21	.rodata.str1.1 + 4c8	tiny2c_usb_mode_store
.rela.text	0x17c	R_AARCH64_ADD_ABS_LO12_NC	.rodata.str1.1 + 4c8	tiny2c_usb_mode_store
.rela.text	0x190	R_AARCH64_CALL26	sscanf + 0	tiny2c_usb_mode_store
.rela.text	0x1a4	R_AARCH64_ADR_PREL_PG_HI21	.rodata.str1.1 + 339	tiny2c_usb_mode_store
.rela.text	0x1a8	R_AARCH64_ADD_ABS_LO12_NC	.rodata.str1.1 + 339	tiny2c_usb_mode_store
.rela.text	0x1ac	R_AARCH64_ADR_PREL_PG_HI21	.rodata.str1.1 + 3a4	tiny2c_usb_mode_store
.rela.text	0x1b0	R_AARCH64_ADD_ABS_LO12_NC	.rodata.str1.1 + 3a4	tiny2c_usb_mode_store
.rela.text	0x1b8	R_AARCH64_CALL26	_printk + 0	tiny2c_usb_mode_store
.rela.text	0x1bc	R_AARCH64_ADR_PREL_PG_HI21	.bss + 8	tiny2c_usb_mode_store
.rela.text	0x1c0	R_AARCH64_LDST64_ABS_LO12_NC	.bss + 8	tiny2c_usb_mode_store
.rela.text	0x1c8	R_AARCH64_CALL26	gpio_to_desc + 0	tiny2c_usb_mode_store
.rela.text	0x1d0	R_AARCH64_CALL26	gpiod_set_raw_value + 0	tiny2c_usb_mode_store
.rela.text	0x1d4	R_AARCH64_LDST64_ABS_LO12_NC	.bss + 8	tiny2c_usb_mode_store
.rela.text	0x1e0	R_AARCH64_CALL26	gpio_to_desc + 0	tiny2c_usb_mode_store
.rela.text	0x1e8	R_AARCH64_CALL26	gpiod_set_raw_value + 0	tiny2c_usb_mode_store
.rela.text	0x1ec	R_AARCH64_LDST64_ABS_LO12_NC	.bss + 8	tiny2c_usb_mode_store
.rela.text	0x1f4	R_AARCH64_CALL26	gpio_to_desc + 0	tiny2c_usb_mode_store
.rela.text	0x1fc	R_AARCH64_CALL26	gpiod_set_raw_value + 0	tiny2c_usb_mode_store
.rela.text	0x200	R_AARCH64_LDST64_ABS_LO12_NC	.bss + 8	tiny2c_usb_mode_store
.rela.text	0x208	R_AARCH64_CALL26	gpio_to_desc + 0	tiny2c_usb_mode_store
.rela.text	0x210	R_AARCH64_CALL26	gpiod_set_raw_value + 0	tiny2c_usb_mode_store
.rela.text	0x214	R_AARCH64_ADR_PREL_PG_HI21	yft_usb_flag + 0	tiny2c_usb_mode_store
.rela.text	0x218	R_AARCH64_LDST32_ABS_LO12_NC	yft_usb_flag + 0	tiny2c_usb_mode_store
.rela.text	0x220	R_AARCH64_ADR_PREL_PG_HI21	.rodata.str1.1 + 2bd	tiny2c_usb_mode_store
.rela.text	0x224	R_AARCH64_ADD_ABS_LO12_NC	.rodata.str1.1 + 2bd	tiny2c_usb_mode_store
.rela.text	0x228	R_AARCH64_ADR_PREL_PG_HI21	.rodata.str1.1 + 3a4	tiny2c_usb_mode_store
.rela.text	0x22c	R_AARCH64_ADD_ABS_LO12_NC	.rodata.str1.1 + 3a4	tiny2c_usb_mode_store
.rela.text	0x230	R_AARCH64_CALL26	_printk + 0	tiny2c_usb_mode_store
.rela.text	0x234	R_AARCH64_ADR_PREL_PG_HI21	.bss + 8	tiny2c_usb_mode_store
.rela.text	0x238	R_AARCH64_LDST64_ABS_LO12_NC	.bss + 8	tiny2c_usb_mode_store
.rela.text	0x240	R_AARCH64_CALL26	gpio_to_desc + 0	tiny2c_usb_mode_store
.rela.text	0x248	R_AARCH64_CALL26	gpiod_set_raw_value + 0	tiny2c_usb_mode_store
.rela.text	0x24c	R_AARCH64_LDST64_ABS_LO12_NC	.bss + 8	tiny2c_usb_mode_store
.rela.text	0x258	R_AARCH64_CALL26	gpio_to_desc + 0	tiny2c_usb_mode_store
.rela.text	0x260	R_AARCH64_CALL26	gpiod_set_raw_value + 0	tiny2c_usb_mode_store
.rela.text	0x264	R_AARCH64_LDST64_ABS_LO12_NC	.bss + 8	tiny2c_usb_mode_store
.rela.text	0x26c	R_AARCH64_CALL26	gpio_to_desc + 0	tiny2c_usb_mode_store
.rela.text	0x274	R_AARCH64_CALL26	gpiod_set_raw_value + 0	tiny2c_usb_mode_store
.rela.text	0x278	R_AARCH64_LDST64_ABS_LO12_NC	.bss + 8	tiny2c_usb_mode_store
.rela.text	0x280	R_AARCH64_CALL26	gpio_to_desc + 0	tiny2c_usb_mode_store
.rela.text	0x288	R_AARCH64_CALL26	gpiod_set_raw_value + 0	tiny2c_usb_mode_store
.rela.text	0x28c	R_AARCH64_ADR_PREL_PG_HI21	yft_usb_flag + 0	tiny2c_usb_mode_store
.rela.text	0x290	R_AARCH64_LDST32_ABS_LO12_NC	yft_usb_flag + 0	tiny2c_usb_mode_store
.rela.text	0x298	R_AARCH64_ADR_PREL_PG_HI21	.rodata.str1.1 + 3fb	tiny2c_usb_mode_store
.rela.text	0x29c	R_AARCH64_ADD_ABS_LO12_NC	.rodata.str1.1 + 3fb	tiny2c_usb_mode_store
.rela.text	0x2a0	R_AARCH64_ADR_PREL_PG_HI21	.rodata.str1.1 + 3a4	tiny2c_usb_mode_store
.rela.text	0x2a4	R_AARCH64_ADD_ABS_LO12_NC	.rodata.str1.1 + 3a4	tiny2c_usb_mode_store
.rela.text	0x2a8	R_AARCH64_CALL26	_printk + 0	tiny2c_usb_mode_store
.rela.text	0x2dc	R_AARCH64_CALL26	__stack_chk_fail + 0	tiny2c_usb_mode_store
.rela.text	0x2f4	R_AARCH64_ADR_PREL_PG_HI21	.bss + 0	sensor_id_show
.rela.text	0x300	R_AARCH64_LDST32_ABS_LO12_NC	.bss + 0	sensor_id_show
.rela.text	0x304	R_AARCH64_ADR_PREL_PG_HI21	.rodata.str1.1 + 34b	sensor_id_show
.rela.text	0x308	R_AARCH64_ADD_ABS_LO12_NC	.rodata.str1.1 + 34b	sensor_id_show
.rela.text	0x310	R_AARCH64_CALL26	scnprintf + 0	sensor_id_show
.rela.text	0x324	R_AARCH64_ADR_PREL_PG_HI21	.rodata.str1.1 + 17a	sensor_id_show
.rela.text	0x328	R_AARCH64_ADD_ABS_LO12_NC	.rodata.str1.1 + 17a	sensor_id_show
.rela.text	0x32c	R_AARCH64_CALL26	_printk + 0	sensor_id_show
.rela.text	0x3c4	R_AARCH64_CALL26	i2c_transfer + 0	tiny2c_usb_i2c_read
.rela.text	0x418	R_AARCH64_ADR_PREL_PG_HI21	.rodata.str1.1 + 103	tiny2c_usb_i2c_read
.rela.text	0x41c	R_AARCH64_ADD_ABS_LO12_NC	.rodata.str1.1 + 103	tiny2c_usb_i2c_read
.rela.text	0x424	R_AARCH64_CALL26	_dev_info + 0	tiny2c_usb_i2c_read
.rela.text	0x42c	R_AARCH64_CALL26	__stack_chk_fail + 0	tiny2c_usb_i2c_read
.rela.text	0x45c	R_AARCH64_ADR_PREL_PG_HI21	.rodata.str1.1 + 72	tiny2c_usb_read_chipid
.rela.text	0x460	R_AARCH64_ADD_ABS_LO12_NC	.rodata.str1.1 + 72	tiny2c_usb_read_chipid
.rela.text	0x478	R_AARCH64_ADR_PREL_PG_HI21	.rodata.str1.1 + 2a7	tiny2c_usb_read_chipid
.rela.text	0x47c	R_AARCH64_ADD_ABS_LO12_NC	.rodata.str1.1 + 2a7	tiny2c_usb_read_chipid
.rela.text	0x480	R_AARCH64_CALL26	_printk + 0	tiny2c_usb_read_chipid
.rela.text	0x498	R_AARCH64_ADR_PREL_PG_HI21	.rodata.str1.1 + 379	tiny2c_usb_read_chipid
.rela.text	0x49c	R_AARCH64_ADD_ABS_LO12_NC	.rodata.str1.1 + 379	tiny2c_usb_read_chipid
.rela.text	0x4a0	R_AARCH64_ADR_PREL_PG_HI21	.rodata.str1.1 + 103	tiny2c_usb_read_chipid
.rela.text	0x4a4	R_AARCH64_ADD_ABS_LO12_NC	.rodata.str1.1 + 103	tiny2c_usb_read_chipid
.rela.text	0x4f8	R_AARCH64_CALL26	i2c_transfer + 0	tiny2c_usb_read_chipid
.rela.text	0x50c	R_AARCH64_CALL26	_dev_info + 0	tiny2c_usb_read_chipid
.rela.text	0x558	R_AARCH64_CALL26	i2c_transfer + 0	tiny2c_usb_read_chipid
.rela.text	0x570	R_AARCH64_CALL26	_dev_info + 0	tiny2c_usb_read_chipid
.rela.text	0x588	R_AARCH64_CALL26	_printk + 0	tiny2c_usb_read_chipid
.rela.text	0x594	R_AARCH64_ADR_PREL_PG_HI21	.bss + 0	tiny2c_usb_read_chipid
.rela.text	0x598	R_AARCH64_LDST32_ABS_LO12_NC	.bss + 0	tiny2c_usb_read_chipid
.rela.text	0x5d8	R_AARCH64_ADR_PREL_PG_HI21	.rodata.str1.1 + 2fd	tiny2c_usb_read_chipid
.rela.text	0x5dc	R_AARCH64_ADD_ABS_LO12_NC	.rodata.str1.1 + 2fd	tiny2c_usb_read_chipid
.rela.text	0x5e0	R_AARCH64_ADR_PREL_PG_HI21	.rodata.str1.1 + 72	tiny2c_usb_read_chipid
.rela.text	0x5e4	R_AARCH64_ADD_ABS_LO12_NC	.rodata.str1.1 + 72	tiny2c_usb_read_chipid
.rela.text	0x5f4	R_AARCH64_CALL26	_printk + 0	tiny2c_usb_read_chipid
.rela.text	0x5fc	R_AARCH64_ADR_PREL_PG_HI21	.bss + 0	tiny2c_usb_read_chipid
.rela.text	0x600	R_AARCH64_LDST32_ABS_LO12_NC	.bss + 0	tiny2c_usb_read_chipid
.rela.text	0x608	R_AARCH64_CALL26	__stack_chk_fail + 0	tiny2c_usb_read_chipid
.rela.text	0x624	R_AARCH64_ADR_PREL_PG_HI21	.rodata.str1.1 + 4cb	tiny2c_usb_i2c_probe
.rela.text	0x628	R_AARCH64_ADD_ABS_LO12_NC	.rodata.str1.1 + 4cb	tiny2c_usb_i2c_probe
.rela.text	0x634	R_AARCH64_ADR_PREL_PG_HI21	.rodata.str1.1 + 351	tiny2c_usb_i2c_probe
.rela.text	0x638	R_AARCH64_ADD_ABS_LO12_NC	.rodata.str1.1 + 351	tiny2c_usb_i2c_probe
.rela.text	0x640	R_AARCH64_CALL26	_printk + 0	tiny2c_usb_i2c_probe
.rela.text	0x648	R_AARCH64_CALL26	msleep + 0	tiny2c_usb_i2c_probe
.rela.text	0x650	R_AARCH64_CALL26	tiny2c_usb_read_chipid + 0	tiny2c_usb_i2c_probe
.rela.text	0x654	R_AARCH64_ADR_PREL_PG_HI21	.bss + 0	tiny2c_usb_i2c_probe
.rela.text	0x664	R_AARCH64_LDST32_ABS_LO12_NC	.bss + 0	tiny2c_usb_i2c_probe
.rela.text	0x668	R_AARCH64_ADR_PREL_PG_HI21	.rodata.str1.1 + 11d	tiny2c_usb_i2c_probe
.rela.text	0x66c	R_AARCH64_ADD_ABS_LO12_NC	.rodata.str1.1 + 11d	tiny2c_usb_i2c_probe
.rela.text	0x670	R_AARCH64_CALL26	_printk + 0	tiny2c_usb_i2c_probe
.rela.text	0x674	R_AARCH64_LDST32_ABS_LO12_NC	.bss + 0	tiny2c_usb_i2c_probe
.rela.text	0x6a4	R_AARCH64_CALL26	__const_udelay + 0	tiny2c_usb_i2c_probe
.rela.text	0x6b0	R_AARCH64_CALL26	__const_udelay + 0	tiny2c_usb_i2c_probe
.rela.text	0x6bc	R_AARCH64_CALL26	__const_udelay + 0	tiny2c_usb_i2c_probe
.rela.text	0x6c8	R_AARCH64_CALL26	__const_udelay + 0	tiny2c_usb_i2c_probe
.rela.text	0x6d4	R_AARCH64_CALL26	__const_udelay + 0	tiny2c_usb_i2c_probe
.rela.text	0x6e0	R_AARCH64_CALL26	__const_udelay + 0	tiny2c_usb_i2c_probe
.rela.text	0x6ec	R_AARCH64_CALL26	__const_udelay + 0	tiny2c_usb_i2c_probe
.rela.text	0x6f8	R_AARCH64_CALL26	__const_udelay + 0	tiny2c_usb_i2c_probe
.rela.text	0x704	R_AARCH64_CALL26	__const_udelay + 0	tiny2c_usb_i2c_probe
.rela.text	0x710	R_AARCH64_CALL26	__const_udelay + 0	tiny2c_usb_i2c_probe
.rela.text	0x718	R_AARCH64_CALL26	tiny2c_usb_read_chipid + 0	tiny2c_usb_i2c_probe
.rela.text	0x720	R_AARCH64_LDST32_ABS_LO12_NC	.bss + 0	tiny2c_usb_i2c_probe
.rela.text	0x724	R_AARCH64_ADR_PREL_PG_HI21	.rodata.str1.1 + 11d	tiny2c_usb_i2c_probe
.rela.text	0x728	R_AARCH64_ADD_ABS_LO12_NC	.rodata.str1.1 + 11d	tiny2c_usb_i2c_probe
.rela.text	0x72c	R_AARCH64_ADR_PREL_PG_HI21	.rodata.str1.1 + 4cb	tiny2c_usb_i2c_probe
.rela.text	0x730	R_AARCH64_ADD_ABS_LO12_NC	.rodata.str1.1 + 4cb	tiny2c_usb_i2c_probe
.rela.text	0x738	R_AARCH64_CALL26	_printk + 0	tiny2c_usb_i2c_probe
.rela.text	0x73c	R_AARCH64_LDST32_ABS_LO12_NC	.bss + 0	tiny2c_usb_i2c_probe
.rela.text	0x758	R_AARCH64_CALL26	__const_udelay + 0	tiny2c_usb_i2c_probe
.rela.text	0x764	R_AARCH64_CALL26	__const_udelay + 0	tiny2c_usb_i2c_probe
.rela.text	0x770	R_AARCH64_CALL26	__const_udelay + 0	tiny2c_usb_i2c_probe
.rela.text	0x77c	R_AARCH64_CALL26	__const_udelay + 0	tiny2c_usb_i2c_probe
.rela.text	0x788	R_AARCH64_CALL26	__const_udelay + 0	tiny2c_usb_i2c_probe
.rela.text	0x794	R_AARCH64_CALL26	__const_udelay + 0	tiny2c_usb_i2c_probe
.rela.text	0x7a0	R_AARCH64_CALL26	__const_udelay + 0	tiny2c_usb_i2c_probe
.rela.text	0x7ac	R_AARCH64_CALL26	__const_udelay + 0	tiny2c_usb_i2c_probe
.rela.text	0x7b8	R_AARCH64_CALL26	__const_udelay + 0	tiny2c_usb_i2c_probe
.rela.text	0x7c4	R_AARCH64_CALL26	__const_udelay + 0	tiny2c_usb_i2c_probe
.rela.text	0x7cc	R_AARCH64_CALL26	tiny2c_usb_read_chipid + 0	tiny2c_usb_i2c_probe
.rela.text	0x7d4	R_AARCH64_LDST32_ABS_LO12_NC	.bss + 0	tiny2c_usb_i2c_probe
.rela.text	0x7d8	R_AARCH64_ADR_PREL_PG_HI21	.rodata.str1.1 + 11d	tiny2c_usb_i2c_probe
.rela.text	0x7dc	R_AARCH64_ADD_ABS_LO12_NC	.rodata.str1.1 + 11d	tiny2c_usb_i2c_probe
.rela.text	0x7e0	R_AARCH64_ADR_PREL_PG_HI21	.rodata.str1.1 + 4cb	tiny2c_usb_i2c_probe
.rela.text	0x7e4	R_AARCH64_ADD_ABS_LO12_NC	.rodata.str1.1 + 4cb	tiny2c_usb_i2c_probe
.rela.text	0x7ec	R_AARCH64_CALL26	_printk + 0	tiny2c_usb_i2c_probe
.rela.text	0x7f0	R_AARCH64_LDST32_ABS_LO12_NC	.bss + 0	tiny2c_usb_i2c_probe
.rela.text	0x808	R_AARCH64_CALL26	__const_udelay + 0	tiny2c_usb_i2c_probe
.rela.text	0x814	R_AARCH64_CALL26	__const_udelay + 0	tiny2c_usb_i2c_probe
.rela.text	0x820	R_AARCH64_CALL26	__const_udelay + 0	tiny2c_usb_i2c_probe
.rela.text	0x82c	R_AARCH64_CALL26	__const_udelay + 0	tiny2c_usb_i2c_probe
.rela.text	0x838	R_AARCH64_CALL26	__const_udelay + 0	tiny2c_usb_i2c_probe
.rela.text	0x844	R_AARCH64_CALL26	__const_udelay + 0	tiny2c_usb_i2c_probe
.rela.text	0x850	R_AARCH64_CALL26	__const_udelay + 0	tiny2c_usb_i2c_probe
.rela.text	0x85c	R_AARCH64_CALL26	__const_udelay + 0	tiny2c_usb_i2c_probe
.rela.text	0x868	R_AARCH64_CALL26	__const_udelay + 0	tiny2c_usb_i2c_probe
.rela.text	0x874	R_AARCH64_CALL26	__const_udelay + 0	tiny2c_usb_i2c_probe
.rela.text	0x878	R_AARCH64_LDST32_ABS_LO12_NC	.bss + 0	tiny2c_usb_i2c_probe
.rela.text	0x880	R_AARCH64_ADR_PREL_PG_HI21	.rodata.str1.1 + 217	tiny2c_usb_i2c_probe
.rela.text	0x884	R_AARCH64_ADD_ABS_LO12_NC	.rodata.str1.1 + 217	tiny2c_usb_i2c_probe
.rela.text	0x888	R_AARCH64_CALL26	_printk + 0	tiny2c_usb_i2c_probe
.rela.text	0x8ac	R_AARCH64_ADR_PREL_PG_HI21	.rodata.str1.1 + 48e	tiny2c_usb_i2c_remove
.rela.text	0x8b0	R_AARCH64_ADD_ABS_LO12_NC	.rodata.str1.1 + 48e	tiny2c_usb_i2c_remove
.rela.text	0x8b4	R_AARCH64_ADR_PREL_PG_HI21	.rodata.str1.1 + 409	tiny2c_usb_i2c_remove
.rela.text	0x8b8	R_AARCH64_ADD_ABS_LO12_NC	.rodata.str1.1 + 409	tiny2c_usb_i2c_remove
.rela.text	0x8bc	R_AARCH64_CALL26	_printk + 0	tiny2c_usb_i2c_remove
.rela.text	0x8c4	R_AARCH64_CALL26	i2c_unregister_device + 0	tiny2c_usb_i2c_remove
.rela.text	0x8f8	R_AARCH64_ADR_PREL_PG_HI21	.rodata.str1.1 + 26d	tiny2c_usb_probe
.rela.text	0x8fc	R_AARCH64_ADD_ABS_LO12_NC	.rodata.str1.1 + 26d	tiny2c_usb_probe
.rela.text	0x900	R_AARCH64_CALL26	_printk + 0	tiny2c_usb_probe
.rela.text	0x904	R_AARCH64_ADR_PREL_PG_HI21	kmalloc_caches + 30	tiny2c_usb_probe
.rela.text	0x910	R_AARCH64_LDST64_ABS_LO12_NC	kmalloc_caches + 30	tiny2c_usb_probe
.rela.text	0x914	R_AARCH64_CALL26	kmalloc_trace + 0	tiny2c_usb_probe
.rela.text	0x918	R_AARCH64_ADR_PREL_PG_HI21	.bss + 8	tiny2c_usb_probe
.rela.text	0x91c	R_AARCH64_LDST64_ABS_LO12_NC	.bss + 8	tiny2c_usb_probe
.rela.text	0x924	R_AARCH64_ADR_PREL_PG_HI21	.rodata.str1.1 + 89	tiny2c_usb_probe
.rela.text	0x928	R_AARCH64_ADD_ABS_LO12_NC	.rodata.str1.1 + 89	tiny2c_usb_probe
.rela.text	0x92c	R_AARCH64_CALL26	_printk + 0	tiny2c_usb_probe
.rela.text	0x93c	R_AARCH64_ADR_PREL_PG_HI21	.rodata.str1.1 + ad	tiny2c_usb_probe
.rela.text	0x940	R_AARCH64_ADD_ABS_LO12_NC	.rodata.str1.1 + ad	tiny2c_usb_probe
.rela.text	0x944	R_AARCH64_ADR_PREL_PG_HI21	.rodata.str1.1 + 41f	tiny2c_usb_probe
.rela.text	0x948	R_AARCH64_ADD_ABS_LO12_NC	.rodata.str1.1 + 41f	tiny2c_usb_probe
.rela.text	0x950	R_AARCH64_CALL26	_printk + 0	tiny2c_usb_probe
.rela.text	0x958	R_AARCH64_ADR_PREL_PG_HI21	.rodata.str1.1 + 1bf	tiny2c_usb_probe
.rela.text	0x95c	R_AARCH64_ADD_ABS_LO12_NC	.rodata.str1.1 + 1bf	tiny2c_usb_probe
.rela.text	0x96c	R_AARCH64_CALL26	of_get_named_gpio_flags + 0	tiny2c_usb_probe
.rela.text	0x978	R_AARCH64_ADR_PREL_PG_HI21	.rodata.str1.1 + 23d	tiny2c_usb_probe
.rela.text	0x97c	R_AARCH64_ADD_ABS_LO12_NC	.rodata.str1.1 + 23d	tiny2c_usb_probe
.rela.text	0x980	R_AARCH64_ADR_PREL_PG_HI21	.rodata.str1.1 + 41f	tiny2c_usb_probe
.rela.text	0x984	R_AARCH64_ADD_ABS_LO12_NC	.rodata.str1.1 + 41f	tiny2c_usb_probe
.rela.text	0x98c	R_AARCH64_CALL26	_printk + 0	tiny2c_usb_probe
.rela.text	0x99c	R_AARCH64_ADR_PREL_PG_HI21	.rodata.str1.1 + 369	tiny2c_usb_probe
.rela.text	0x9a0	R_AARCH64_ADD_ABS_LO12_NC	.rodata.str1.1 + 369	tiny2c_usb_probe
.rela.text	0x9a4	R_AARCH64_CALL26	gpio_request + 0	tiny2c_usb_probe
.rela.text	0x9ac	R_AARCH64_ADR_PREL_PG_HI21	.rodata.str1.1 + 326	tiny2c_usb_probe
.rela.text	0x9b0	R_AARCH64_ADD_ABS_LO12_NC	.rodata.str1.1 + 326	tiny2c_usb_probe
.rela.text	0x9c0	R_AARCH64_CALL26	of_get_named_gpio_flags + 0	tiny2c_usb_probe
.rela.text	0x9cc	R_AARCH64_ADR_PREL_PG_HI21	.rodata.str1.1 + 2c	tiny2c_usb_probe
.rela.text	0x9d0	R_AARCH64_ADD_ABS_LO12_NC	.rodata.str1.1 + 2c	tiny2c_usb_probe
.rela.text	0x9d4	R_AARCH64_ADR_PREL_PG_HI21	.rodata.str1.1 + 41f	tiny2c_usb_probe
.rela.text	0x9d8	R_AARCH64_ADD_ABS_LO12_NC	.rodata.str1.1 + 41f	tiny2c_usb_probe
.rela.text	0x9e0	R_AARCH64_CALL26	_printk + 0	tiny2c_usb_probe
.rela.text	0x9f0	R_AARCH64_ADR_PREL_PG_HI21	.rodata.str1.1 + 141	tiny2c_usb_probe
.rela.text	0x9f4	R_AARCH64_ADD_ABS_LO12_NC	.rodata.str1.1 + 141	tiny2c_usb_probe
.rela.text	0x9f8	R_AARCH64_CALL26	gpio_request + 0	tiny2c_usb_probe
.rela.text	0xa00	R_AARCH64_ADR_PREL_PG_HI21	.rodata.str1.1 + 25b	tiny2c_usb_probe
.rela.text	0xa04	R_AARCH64_ADD_ABS_LO12_NC	.rodata.str1.1 + 25b	tiny2c_usb_probe
.rela.text	0xa14	R_AARCH64_CALL26	of_get_named_gpio_flags + 0	tiny2c_usb_probe
.rela.text	0xa20	R_AARCH64_ADR_PREL_PG_HI21	.rodata.str1.1 + ba	tiny2c_usb_probe
.rela.text	0xa24	R_AARCH64_ADD_ABS_LO12_NC	.rodata.str1.1 + ba	tiny2c_usb_probe
.rela.text	0xa28	R_AARCH64_ADR_PREL_PG_HI21	.rodata.str1.1 + 41f	tiny2c_usb_probe
.rela.text	0xa2c	R_AARCH64_ADD_ABS_LO12_NC	.rodata.str1.1 + 41f	tiny2c_usb_probe
.rela.text	0xa34	R_AARCH64_CALL26	_printk + 0	tiny2c_usb_probe
.rela.text	0xa44	R_AARCH64_ADR_PREL_PG_HI21	.rodata.str1.1 + 22e	tiny2c_usb_probe
.rela.text	0xa48	R_AARCH64_ADD_ABS_LO12_NC	.rodata.str1.1 + 22e	tiny2c_usb_probe
.rela.text	0xa4c	R_AARCH64_CALL26	gpio_request + 0	tiny2c_usb_probe
.rela.text	0xa54	R_AARCH64_ADR_PREL_PG_HI21	.rodata.str1.1 + d7	tiny2c_usb_probe
.rela.text	0xa58	R_AARCH64_ADD_ABS_LO12_NC	.rodata.str1.1 + d7	tiny2c_usb_probe
.rela.text	0xa5c	R_AARCH64_ADR_PREL_PG_HI21	.rodata.str1.1 + 41f	tiny2c_usb_probe
.rela.text	0xa60	R_AARCH64_ADD_ABS_LO12_NC	.rodata.str1.1 + 41f	tiny2c_usb_probe
.rela.text	0xa64	R_AARCH64_CALL26	_printk + 0	tiny2c_usb_probe
.rela.text	0xa68	R_AARCH64_ADR_PREL_PG_HI21	.rodata.str1.1 + 434	tiny2c_usb_probe
.rela.text	0xa6c	R_AARCH64_ADD_ABS_LO12_NC	.rodata.str1.1 + 434	tiny2c_usb_probe
.rela.text	0xa7c	R_AARCH64_CALL26	of_get_named_gpio_flags + 0	tiny2c_usb_probe
.rela.text	0xa8c	R_AARCH64_ADR_PREL_PG_HI21	.rodata.str1.1 + 4a	tiny2c_usb_probe
.rela.text	0xa90	R_AARCH64_ADD_ABS_LO12_NC	.rodata.str1.1 + 4a	tiny2c_usb_probe
.rela.text	0xa94	R_AARCH64_ADR_PREL_PG_HI21	.rodata.str1.1 + 41f	tiny2c_usb_probe
.rela.text	0xa98	R_AARCH64_ADD_ABS_LO12_NC	.rodata.str1.1 + 41f	tiny2c_usb_probe
.rela.text	0xaa0	R_AARCH64_CALL26	_printk + 0	tiny2c_usb_probe
.rela.text	0xab0	R_AARCH64_ADR_PREL_PG_HI21	.rodata.str1.1 + 4e0	tiny2c_usb_probe
.rela.text	0xab4	R_AARCH64_ADD_ABS_LO12_NC	.rodata.str1.1 + 4e0	tiny2c_usb_probe
.rela.text	0xabc	R_AARCH64_CALL26	gpio_request + 0	tiny2c_usb_probe
.rela.text	0xad0	R_AARCH64_ADR_PREL_PG_HI21	.rodata.str1.1 + 4f2	tiny2c_usb_probe
.rela.text	0xad4	R_AARCH64_ADD_ABS_LO12_NC	.rodata.str1.1 + 4f2	tiny2c_usb_probe
.rela.text	0xad8	R_AARCH64_ADR_PREL_PG_HI21	.rodata.str1.1 + 41f	tiny2c_usb_probe
.rela.text	0xadc	R_AARCH64_ADD_ABS_LO12_NC	.rodata.str1.1 + 41f	tiny2c_usb_probe
.rela.text	0xae0	R_AARCH64_CALL26	_printk + 0	tiny2c_usb_probe
.rela.text	0xae4	R_AARCH64_LDST64_ABS_LO12_NC	.bss + 8	tiny2c_usb_probe
.rela.text	0xaec	R_AARCH64_CALL26	tiny2c_usb_power_init + 0	tiny2c_usb_probe
.rela.text	0xaf0	R_AARCH64_LDST64_ABS_LO12_NC	.bss + 8	tiny2c_usb_probe
.rela.text	0xaf8	R_AARCH64_CALL26	gpio_to_desc + 0	tiny2c_usb_probe
.rela.text	0xafc	R_AARCH64_CALL26	gpiod_get_raw_value + 0	tiny2c_usb_probe
.rela.text	0xb00	R_AARCH64_LDST64_ABS_LO12_NC	.bss + 8	tiny2c_usb_probe
.rela.text	0xb0c	R_AARCH64_CALL26	gpio_to_desc + 0	tiny2c_usb_probe
.rela.text	0xb10	R_AARCH64_CALL26	gpiod_get_raw_value + 0	tiny2c_usb_probe
.rela.text	0xb14	R_AARCH64_LDST64_ABS_LO12_NC	.bss + 8	tiny2c_usb_probe
.rela.text	0xb20	R_AARCH64_CALL26	gpio_to_desc + 0	tiny2c_usb_probe
.rela.text	0xb24	R_AARCH64_CALL26	gpiod_get_raw_value + 0	tiny2c_usb_probe
.rela.text	0xb28	R_AARCH64_LDST64_ABS_LO12_NC	.bss + 8	tiny2c_usb_probe
.rela.text	0xb34	R_AARCH64_CALL26	gpio_to_desc + 0	tiny2c_usb_probe
.rela.text	0xb38	R_AARCH64_CALL26	gpiod_get_raw_value + 0	tiny2c_usb_probe
.rela.text	0xb40	R_AARCH64_ADR_PREL_PG_HI21	.rodata.str1.1 + 3c9	tiny2c_usb_probe
.rela.text	0xb44	R_AARCH64_ADD_ABS_LO12_NC	.rodata.str1.1 + 3c9	tiny2c_usb_probe
.rela.text	0xb54	R_AARCH64_CALL26	_printk + 0	tiny2c_usb_probe
.rela.text	0xb58	R_AARCH64_ADR_PREL_PG_HI21	__this_module + 0	tiny2c_usb_probe
.rela.text	0xb5c	R_AARCH64_ADD_ABS_LO12_NC	__this_module + 0	tiny2c_usb_probe
.rela.text	0xb60	R_AARCH64_ADR_PREL_PG_HI21	tiny2c_usb_i2c_driver + 0	tiny2c_usb_probe
.rela.text	0xb64	R_AARCH64_ADD_ABS_LO12_NC	tiny2c_usb_i2c_driver + 0	tiny2c_usb_probe
.rela.text	0xb68	R_AARCH64_CALL26	i2c_register_driver + 0	tiny2c_usb_probe
.rela.text	0xb70	R_AARCH64_LDST64_ABS_LO12_NC	.bss + 8	tiny2c_usb_probe
.rela.text	0xb7c	R_AARCH64_CALL26	tiny2c_usb_power_init + 0	tiny2c_usb_probe
.rela.text	0xb80	R_AARCH64_LDST64_ABS_LO12_NC	.bss + 8	tiny2c_usb_probe
.rela.text	0xb88	R_AARCH64_CALL26	gpio_to_desc + 0	tiny2c_usb_probe
.rela.text	0xb8c	R_AARCH64_CALL26	gpiod_get_raw_value + 0	tiny2c_usb_probe
.rela.text	0xb90	R_AARCH64_LDST64_ABS_LO12_NC	.bss + 8	tiny2c_usb_probe
.rela.text	0xb9c	R_AARCH64_CALL26	gpio_to_desc + 0	tiny2c_usb_probe
.rela.text	0xba0	R_AARCH64_CALL26	gpiod_get_raw_value + 0	tiny2c_usb_probe
.rela.text	0xba4	R_AARCH64_LDST64_ABS_LO12_NC	.bss + 8	tiny2c_usb_probe
.rela.text	0xbb0	R_AARCH64_CALL26	gpio_to_desc + 0	tiny2c_usb_probe
.rela.text	0xbb4	R_AARCH64_CALL26	gpiod_get_raw_value + 0	tiny2c_usb_probe
.rela.text	0xbb8	R_AARCH64_LDST64_ABS_LO12_NC	.bss + 8	tiny2c_usb_probe
.rela.text	0xbc4	R_AARCH64_CALL26	gpio_to_desc + 0	tiny2c_usb_probe
.rela.text	0xbc8	R_AARCH64_CALL26	gpiod_get_raw_value + 0	tiny2c_usb_probe
.rela.text	0xbd0	R_AARCH64_ADR_PREL_PG_HI21	.rodata.str1.1 + 3c9	tiny2c_usb_probe
.rela.text	0xbd4	R_AARCH64_ADD_ABS_LO12_NC	.rodata.str1.1 + 3c9	tiny2c_usb_probe
.rela.text	0xbe4	R_AARCH64_CALL26	_printk + 0	tiny2c_usb_probe
.rela.text	0xbe8	R_AARCH64_ADR_PREL_PG_HI21	.rodata.str1.1 + 19f	tiny2c_usb_probe
.rela.text	0xbec	R_AARCH64_ADD_ABS_LO12_NC	.rodata.str1.1 + 19f	tiny2c_usb_probe
.rela.text	0xbf0	R_AARCH64_CALL26	_printk + 0	tiny2c_usb_probe
.rela.text	0xbf4	R_AARCH64_ADR_PREL_PG_HI21	dev_attr_tiny2c_usb_mode + 0	tiny2c_usb_probe
.rela.text	0xbf8	R_AARCH64_ADD_ABS_LO12_NC	dev_attr_tiny2c_usb_mode + 0	tiny2c_usb_probe
.rela.text	0xc00	R_AARCH64_CALL26	device_create_file + 0	tiny2c_usb_probe
.rela.text	0xc04	R_AARCH64_ADR_PREL_PG_HI21	.rodata + 1d0	tiny2c_usb_probe
.rela.text	0xc08	R_AARCH64_ADD_ABS_LO12_NC	.rodata + 1d0	tiny2c_usb_probe
.rela.text	0xc10	R_AARCH64_ADR_PREL_PG_HI21	dev_attr_sensor_id + 0	tiny2c_usb_probe
.rela.text	0xc14	R_AARCH64_ADD_ABS_LO12_NC	dev_attr_sensor_id + 0	tiny2c_usb_probe
.rela.text	0xc1c	R_AARCH64_CALL26	device_create_file + 0	tiny2c_usb_probe
.rela.text	0xc2c	R_AARCH64_ADR_PREL_PG_HI21	.rodata + 1d8	tiny2c_usb_probe
.rela.text	0xc30	R_AARCH64_ADD_ABS_LO12_NC	.rodata + 1d8	tiny2c_usb_probe
.rela.text	0xc38	R_AARCH64_ADR_PREL_PG_HI21	.rodata.str1.1 + 0	tiny2c_usb_probe
.rela.text	0xc3c	R_AARCH64_ADD_ABS_LO12_NC	.rodata.str1.1 + 0	tiny2c_usb_probe
.rela.text	0xc48	R_AARCH64_ADR_PREL_PG_HI21	.rodata.str1.1 + 494	tiny2c_usb_probe
.rela.text	0xc4c	R_AARCH64_ADD_ABS_LO12_NC	.rodata.str1.1 + 494	tiny2c_usb_probe
.rela.text	0xc54	R_AARCH64_CALL26	_printk + 0	tiny2c_usb_probe
.rela.text	0xc5c	R_AARCH64_ADR_PREL_PG_HI21	.rodata.str1.1 + 2d0	tiny2c_usb_probe
.rela.text	0xc60	R_AARCH64_ADD_ABS_LO12_NC	.rodata.str1.1 + 2d0	tiny2c_usb_probe
.rela.text	0xc68	R_AARCH64_ADR_PREL_PG_HI21	.rodata.str1.1 + 1d2	tiny2c_usb_probe
.rela.text	0xc6c	R_AARCH64_ADD_ABS_LO12_NC	.rodata.str1.1 + 1d2	tiny2c_usb_probe
.rela.text	0xc70	R_AARCH64_ADR_PREL_PG_HI21	.rodata.str1.1 + 41f	tiny2c_usb_probe
.rela.text	0xc74	R_AARCH64_ADD_ABS_LO12_NC	.rodata.str1.1 + 41f	tiny2c_usb_probe
.rela.text	0xc78	R_AARCH64_CALL26	_printk + 0	tiny2c_usb_probe
.rela.text	0xc7c	R_AARCH64_ADR_PREL_PG_HI21	.rodata.str1.1 + 449	tiny2c_usb_probe
.rela.text	0xc80	R_AARCH64_ADD_ABS_LO12_NC	.rodata.str1.1 + 449	tiny2c_usb_probe
.rela.text	0xc84	R_AARCH64_CALL26	_printk + 0	tiny2c_usb_probe
.rela.text	0xcc8	R_AARCH64_CALL26	device_remove_file + 0	tiny2c_usb_probe
.rela.text	0xcdc	R_AARCH64_ADR_PREL_PG_HI21	.rodata.str1.1 + 466	tiny2c_usb_probe
.rela.text	0xce0	R_AARCH64_ADD_ABS_LO12_NC	.rodata.str1.1 + 466	tiny2c_usb_probe
.rela.text	0xce4	R_AARCH64_CALL26	_printk + 0	tiny2c_usb_probe
.rela.text	0xcf0	R_AARCH64_ADR_PREL_PG_HI21	.rodata.str1.1 + 163	tiny2c_usb_probe
.rela.text	0xcf4	R_AARCH64_ADD_ABS_LO12_NC	.rodata.str1.1 + 163	tiny2c_usb_probe
.rela.text	0xcf8	R_AARCH64_CALL26	_printk + 0	tiny2c_usb_probe
.rela.text	0xd14	R_AARCH64_ADR_PREL_PG_HI21	.rodata.str1.1 + 6a	tiny2c_usb_remove
.rela.text	0xd18	R_AARCH64_ADD_ABS_LO12_NC	.rodata.str1.1 + 6a	tiny2c_usb_remove
.rela.text	0xd1c	R_AARCH64_ADR_PREL_PG_HI21	.rodata.str1.1 + 47c	tiny2c_usb_remove
.rela.text	0xd20	R_AARCH64_ADD_ABS_LO12_NC	.rodata.str1.1 + 47c	tiny2c_usb_remove
.rela.text	0xd28	R_AARCH64_CALL26	_printk + 0	tiny2c_usb_remove
.rela.init.text	0x10	R_AARCH64_ADR_PREL_PG_HI21	.data + 2e8	init_module
.rela.init.text	0x14	R_AARCH64_ADD_ABS_LO12_NC	.data + 2e8	init_module
.rela.init.text	0x18	R_AARCH64_ADR_PREL_PG_HI21	__this_module + 0	init_module
.rela.init.text	0x1c	R_AARCH64_ADD_ABS_LO12_NC	__this_module + 0	init_module
.rela.init.text	0x20	R_AARCH64_CALL26	__platform_driver_register + 0	init_module
.rela.exit.text	0x10	R_AARCH64_ADR_PREL_PG_HI21	.data + 2e8	cleanup_module
.rela.exit.text	0x14	R_AARCH64_ADD_ABS_LO12_NC	.data + 2e8	cleanup_module
.rela.exit.text	0x18	R_AARCH64_CALL26	platform_driver_unregister + 0	cleanup_module
.rela.data	0x0	R_AARCH64_ABS64	.rodata.str1.1 + 297	-
.rela.data	0x10	R_AARCH64_ABS64	.text + 8c	-
.rela.data	0x18	R_AARCH64_ABS64	.text + 154	-
.rela.data	0x20	R_AARCH64_ABS64	.rodata.str1.1 + 4be	-
.rela.data	0x30	R_AARCH64_ABS64	.text + 2e4	-
.rela.data	0x48	R_AARCH64_ABS64	.text + 610	-
.rela.data	0x50	R_AARCH64_ABS64	.text + 898	-
.rela.data	0x78	R_AARCH64_ABS64	.rodata.str1.1 + 151	-
.rela.data	0x88	R_AARCH64_ABS64	__this_module + 0	-
.rela.data	0xa0	R_AARCH64_ABS64	.rodata + 40	-
.rela.data	0x128	R_AARCH64_ABS64	.rodata + 0	-
.rela.data	0x2e8	R_AARCH64_ABS64	.text + 8dc	-
.rela.data	0x2f0	R_AARCH64_ABS64	.text + d08	-
.rela.data	0x318	R_AARCH64_ABS64	.rodata.str1.1 + 3ba	-
.rela.data	0x328	R_AARCH64_ABS64	__this_module + 0	-
.rela.data	0x340	R_AARCH64_ABS64	.data + 158	-
.rela.rodata	0x1d0	R_AARCH64_ABS64	dev_attr_tiny2c_usb_mode + 0	-
.rela.rodata	0x1d8	R_AARCH64_ABS64	dev_attr_sensor_id + 0	-
.rela.init.data	0x0	R_AARCH64_ABS64	init_module + 0	-
.rela.exit.data	0x0	R_AARCH64_ABS64	cleanup_module + 0	-
.rela.eh_frame	0x1c	R_AARCH64_PREL32	.text + 4	-
.rela.eh_frame	0x4c	R_AARCH64_PREL32	.text + 8c	-
.rela.eh_frame	0x88	R_AARCH64_PREL32	.text + 154	-
.rela.eh_frame	0xc0	R_AARCH64_PREL32	.text + 2e4	-
.rela.eh_frame	0xec	R_AARCH64_PREL32	.text + 33c	-
.rela.eh_frame	0x124	R_AARCH64_PREL32	.text + 434	-
.rela.eh_frame	0x174	R_AARCH64_PREL32	.text + 610	-
.rela.eh_frame	0x1ac	R_AARCH64_PREL32	.text + 898	-
.rela.eh_frame	0x1d8	R_AARCH64_PREL32	.init.text + 4	-
.rela.eh_frame	0x204	R_AARCH64_PREL32	.exit.text + 4	-
.rela.eh_frame	0x230	R_AARCH64_PREL32	.text + 8dc	-
.rela.eh_frame	0x270	R_AARCH64_PREL32	.text + d08	-
.rela.gnu.linkonce.this_module	0x170	R_AARCH64_ABS64	init_module + 0	-
.rela.gnu.linkonce.this_module	0x3d8	R_AARCH64_ABS64	cleanup_module + 0	-
