object	section	offset	size	binding	sha256
gpio_keys_probe.__key	.bss	0x0	1	LOCAL	e3b0c44298fc1c149afbf4c8996fb92427ae41e4649b934ca495991b7852b855
gpio_keys_device_driver	.data	0x0	248	LOCAL	b3ab6982980fddf460a2f47adb428475ce9afa89092fd034499d017a35993f05
gpio_keys_groups	.data	0xf8	16	LOCAL	374708fff7719dd5979ec875d56cd2286f6d3cf7ec317a3b25632aab28ec37bb
gpio_keys_attrs	.data	0x108	40	LOCAL	2c34ce1df23b838c5abf2a7f6437cca3d3067ed509ff25f11df6b11b582b51eb
dev_attr_keys	.data	0x130	32	LOCAL	b068a2ecf65c3b16e67db6bcbab60627a3528c97b68eab5cbfc483fe0de128d5
dev_attr_switches	.data	0x150	32	LOCAL	b068a2ecf65c3b16e67db6bcbab60627a3528c97b68eab5cbfc483fe0de128d5
dev_attr_disabled_keys	.data	0x170	32	LOCAL	29d068040e06a33c3809cab1fad5d50c6c92161bcdf71b703fd82496f6d50612
dev_attr_disabled_switches	.data	0x190	32	LOCAL	29d068040e06a33c3809cab1fad5d50c6c92161bcdf71b703fd82496f6d50612
__UNIQUE_ID___addressable_cleanup_module375	.exit.data	0x0	8	LOCAL	af5570f5a1810b7af78caf4bc70a660f0df51e42baf91d4de5b2328de0e83dfc
__this_module	.gnu.linkonce.this_module	0x0	1088	GLOBAL	c3a0d52a2e6d829d10d887e5943f82ffe2fc2fc6ecaad9c4d8029598f36f902c
__UNIQUE_ID___addressable_init_module374	.init.data	0x0	8	LOCAL	af5570f5a1810b7af78caf4bc70a660f0df51e42baf91d4de5b2328de0e83dfc
__UNIQUE_ID_license376	.modinfo	0x0	12	LOCAL	32269415cc45b60babb88674e0bb6093c44f8c5718586546ac35d7ca24fa2159
__UNIQUE_ID_author377	.modinfo	0xc	40	LOCAL	b641b217b0bf530e7c71949d3d696ff99f3bdcb35263a45c351ce3ce7d8bccbc
__UNIQUE_ID_description378	.modinfo	0x34	38	LOCAL	750cbf226bd26ecfa799821db38518b82a55a593a6f186efabb2e7e4c37dd4f9
__UNIQUE_ID_alias379	.modinfo	0x5a	25	LOCAL	cbb427139425d5775ff2746be1b305f4f377663a6be371743e54669f19fc89bd
__UNIQUE_ID_vermagic333	.modinfo	0x73	87	LOCAL	574a8c3d80b08e2a7f9620b27149961828001ed75f7689edef6f9e00b0ef67c9
__UNIQUE_ID_name334	.modinfo	0xca	19	LOCAL	a1f6a69665e31b38147194f3510678af4187369d3b8eeadf6abca255bd0fef61
__UNIQUE_ID_depends335	.modinfo	0xdd	9	LOCAL	f47e0e499add5c79a4639aefa7cf4bc7035752e3d7b02147c57ecfb7ab8212d3
__UNIQUE_ID_alias336	.modinfo	0xe6	28	LOCAL	03e86edfee61de1fa888bf324f846e235c714aeff2158d0b74a5cbd4d24eba6c
__UNIQUE_ID_alias337	.modinfo	0x102	30	LOCAL	36e1459ebe2533d036985855bd1f6fa13a77d5a188e13f73c58c1f6e71a8d5b7
_note_9	.note.Linux	0x0	24	LOCAL	46c938f9cda347c4bb680e1bd9fdaddc9b6e917739785b1baad69e851b2f9de3
_note_10	.note.Linux	0x18	24	LOCAL	f50d12dbcecdbd59ca68819b1f403f495da5160b18fd94e48a918fd6d360972c
__mod_of__gpio_keys_of_match_device_table	.rodata	0x0	400	GLOBAL	1206a69485d10a22430d0ca74a1d75a398c0f686e2e435f85a1e2fceaaf2de27
gpio_keys_of_match	.rodata	0x0	400	LOCAL	1206a69485d10a22430d0ca74a1d75a398c0f686e2e435f85a1e2fceaaf2de27
gpio_keys_pm_ops	.rodata	0x190	192	LOCAL	5d89f056865052bcb89c910d2d62872e029fb273c3db03f8968a52a41593c1b5
gpio_keys_group	.rodata	0x250	40	LOCAL	2c34ce1df23b838c5abf2a7f6437cca3d3067ed509ff25f11df6b11b582b51eb
____versions	__versions	0x0	4160	LOCAL	910a66c53d81475124912f3e9c49cb8428541770633883d1ab94600b37c5a641
