object	stock_section	stock_offset	stock_size	recon_section	recon_size	verdict
g_ctx	.bss	0x0	8	.bss	8	BYTE_IDENTICAL
current_backlight	.bss	0x8	4	.bss	4	BYTE_IDENTICAL
lcm_probe.__key	.bss	0xc	1	.bss	1	BYTE_IDENTICAL
primary_lcm_class	.bss	0x10	8	.bss	8	BYTE_IDENTICAL
last_hbm_backlight_value	.bss	0x18	4	.bss	4	BYTE_IDENTICAL
lcm_driver	.data	0x0	200	.data	200	BYTE_IDENTICAL
current_fps	.data	0xc8	4	.data	4	BYTE_IDENTICAL
ext_funcs	.data	0xd0	320	.data	320	BYTE_IDENTICAL
class_attr_primary_lcm	.data	0x210	64	.data	64	BYTE_IDENTICAL
vtdr6115_vdo_120hz_dphy_buf_thresh	.data	0x250	56	.data	56	BYTE_IDENTICAL
vtdr6115_vdo_120hz_dphy_range_min_qp	.data	0x288	60	.data	60	BYTE_IDENTICAL
vtdr6115_vdo_120hz_dphy_range_max_qp	.data	0x2c4	60	.data	60	BYTE_IDENTICAL
vtdr6115_vdo_120hz_dphy_range_bpg_ofs	.data	0x300	60	.data	60	BYTE_IDENTICAL
ext_params	.data	0x340	66328	.data	66328	BYTE_IDENTICAL
ext_params_90hz	.data	0x10658	66328	.data	66328	BYTE_IDENTICAL
ext_params_120hz	.data	0x20970	66328	.data	66328	BYTE_IDENTICAL
__UNIQUE_ID___addressable_cleanup_module463	.exit.data	0x0	8	-	-	MISSING
__this_module	.gnu.linkonce.this_module	0x0	1088	.gnu.linkonce.this_module	1088	BYTE_IDENTICAL
__UNIQUE_ID___addressable_init_module462	.init.data	0x0	8	-	-	MISSING
__UNIQUE_ID_author464	.modinfo	0x0	48	-	-	MISSING
__UNIQUE_ID_description465	.modinfo	0x30	51	-	-	MISSING
__UNIQUE_ID_license466	.modinfo	0x63	15	-	-	MISSING
__UNIQUE_ID_vermagic333	.modinfo	0x72	87	.modinfo	85	SIZE_DELTA
__UNIQUE_ID_name334	.modinfo	0xc9	32	.modinfo	32	BYTE_IDENTICAL
__UNIQUE_ID_depends335	.modinfo	0xe9	35	.modinfo	35	BYTE_IDENTICAL
__UNIQUE_ID_alias336	.modinfo	0x10c	39	.modinfo	39	BYTE_IDENTICAL
__UNIQUE_ID_alias337	.modinfo	0x133	41	.modinfo	41	BYTE_IDENTICAL
_note_9	.note.Linux	0x0	24	.note.Linux	24	BYTE_IDENTICAL
_note_10	.note.Linux	0x18	24	.note.Linux	24	BYTE_IDENTICAL
__mod_of__lcm_of_match_device_table	.rodata	0x0	400	.rodata	400	BYTE_IDENTICAL
lcm_of_match	.rodata	0x0	400	.rodata	400	BYTE_IDENTICAL
lcm_drm_funcs	.rodata	0x190	64	.rodata	64	BYTE_IDENTICAL
lcm_panel_init.d	.rodata	0x1d0	2	.rodata	2	BYTE_IDENTICAL
lcm_panel_init.d.35	.rodata	0x1d2	2	.rodata	2	BYTE_IDENTICAL
lcm_panel_init.d.36	.rodata	0x1d4	3	.rodata	3	BYTE_IDENTICAL
lcm_panel_init.d.37	.rodata	0x1d7	2	.rodata	2	BYTE_IDENTICAL
lcm_panel_init.d.38	.rodata	0x1d9	2	.rodata	2	BYTE_IDENTICAL
lcm_panel_init.d.39	.rodata	0x1db	2	.rodata	2	BYTE_IDENTICAL
lcm_panel_init.d.40	.rodata	0x1dd	2	.rodata	2	SIZE_IDENTICAL_RELOCATION_OR_DATA_DELTA
lcm_panel_init.d.41	.rodata	0x1df	2	.rodata	2	SIZE_IDENTICAL_RELOCATION_OR_DATA_DELTA
lcm_panel_init.d.42	.rodata	0x1e1	2	.rodata	2	SIZE_IDENTICAL_RELOCATION_OR_DATA_DELTA
lcm_panel_init.d.43	.rodata	0x1e3	2	.rodata	2	BYTE_IDENTICAL
lcm_panel_init.d.44	.rodata	0x1e5	95	.rodata	95	BYTE_IDENTICAL
lcm_panel_init.d.45	.rodata	0x244	3	.rodata	3	BYTE_IDENTICAL
lcm_panel_init.d.46	.rodata	0x247	8	.rodata	8	BYTE_IDENTICAL
lcm_panel_init.d.47	.rodata	0x24f	3	.rodata	3	BYTE_IDENTICAL
lcm_panel_init.d.48	.rodata	0x252	2	.rodata	2	BYTE_IDENTICAL
lcm_panel_init.d.49	.rodata	0x254	2	.rodata	2	BYTE_IDENTICAL
lcm_panel_init.d.50	.rodata	0x256	3	.rodata	3	BYTE_IDENTICAL
lcm_panel_init.d.51	.rodata	0x259	2	.rodata	2	BYTE_IDENTICAL
lcm_panel_init.d.52	.rodata	0x25b	2	.rodata	2	BYTE_IDENTICAL
lcm_panel_init.d.53	.rodata	0x25d	3	.rodata	3	BYTE_IDENTICAL
lcm_panel_init.d.54	.rodata	0x260	2	.rodata	2	BYTE_IDENTICAL
lcm_panel_init.d.55	.rodata	0x262	2	.rodata	2	BYTE_IDENTICAL
lcm_panel_init.d.56	.rodata	0x264	3	.rodata	3	BYTE_IDENTICAL
lcm_panel_init.d.57	.rodata	0x267	2	.rodata	2	BYTE_IDENTICAL
lcm_panel_init.d.58	.rodata	0x269	2	.rodata	2	BYTE_IDENTICAL
lcm_panel_init.d.59	.rodata	0x26b	3	.rodata	3	BYTE_IDENTICAL
lcm_panel_init.d.60	.rodata	0x26e	2	.rodata	2	BYTE_IDENTICAL
lcm_panel_init.d.61	.rodata	0x270	3	.rodata	3	BYTE_IDENTICAL
lcm_panel_init.d.62	.rodata	0x273	3	.rodata	3	BYTE_IDENTICAL
lcm_panel_init.d.63	.rodata	0x276	2	.rodata	2	BYTE_IDENTICAL
lcm_panel_init.d.64	.rodata	0x278	2	.rodata	2	BYTE_IDENTICAL
lcm_panel_init.d.65	.rodata	0x27a	2	.rodata	2	BYTE_IDENTICAL
lcm_panel_init.d.66	.rodata	0x27c	3	.rodata	3	BYTE_IDENTICAL
lcm_panel_init.d.67	.rodata	0x27f	3	.rodata	3	BYTE_IDENTICAL
lcm_panel_init.d.68	.rodata	0x282	2	.rodata	2	BYTE_IDENTICAL
lcm_panel_init.d.69	.rodata	0x284	2	.rodata	2	BYTE_IDENTICAL
lcm_panel_init.d.70	.rodata	0x286	3	.rodata	3	BYTE_IDENTICAL
lcm_panel_init.d.71	.rodata	0x289	23	.rodata	23	BYTE_IDENTICAL
lcm_panel_init.d.72	.rodata	0x2a0	23	.rodata	23	BYTE_IDENTICAL
lcm_panel_init.d.73	.rodata	0x2b7	3	.rodata	3	BYTE_IDENTICAL
lcm_panel_init.d.74	.rodata	0x2ba	22	.rodata	22	BYTE_IDENTICAL
lcm_panel_init.d.75	.rodata	0x2d0	22	.rodata	22	BYTE_IDENTICAL
lcm_panel_init.d.76	.rodata	0x2e6	3	.rodata	3	BYTE_IDENTICAL
lcm_panel_init.d.77	.rodata	0x2e9	3	.rodata	3	BYTE_IDENTICAL
lcm_panel_init.d.78	.rodata	0x2ec	2	.rodata	2	BYTE_IDENTICAL
lcm_panel_init.d.79	.rodata	0x2ee	2	.rodata	2	BYTE_IDENTICAL
lcm_unprepare.d	.rodata	0x2f0	1	.rodata	1	BYTE_IDENTICAL
lcm_unprepare.d.86	.rodata	0x2f1	1	.rodata	1	BYTE_IDENTICAL
default_mode	.rodata	0x2f8	120	.rodata	120	BYTE_IDENTICAL
performance_mode_90hz	.rodata	0x370	120	.rodata	120	BYTE_IDENTICAL
performance_mode_120hz	.rodata	0x3e8	120	.rodata	120	BYTE_IDENTICAL
____versions	__versions	0x0	2880	__versions	2880	SIZE_IDENTICAL_RELOCATION_OR_DATA_DELTA
