relocation_section	offset	type	target	addend
.rela.text	0x0000000000000034	R_AARCH64_ADR_PREL_PG_HI21	.rodata.str1.1	+ 406
.rela.text	0x0000000000000038	R_AARCH64_ADD_ABS_LO12_NC	.rodata.str1.1	+ 406
.rela.text	0x000000000000003c	R_AARCH64_ADR_PREL_PG_HI21	.rodata.str1.1	+ 2a6
.rela.text	0x0000000000000040	R_AARCH64_ADD_ABS_LO12_NC	.rodata.str1.1	+ 2a6
.rela.text	0x0000000000000044	R_AARCH64_ADR_PREL_PG_HI21	.rodata.str1.1	+ 40f
.rela.text	0x0000000000000048	R_AARCH64_ADD_ABS_LO12_NC	.rodata.str1.1	+ 40f
.rela.text	0x0000000000000054	R_AARCH64_CALL26	_dev_err	+ 0
.rela.text	0x0000000000000064	R_AARCH64_CALL26	devm_kmalloc	+ 0
.rela.text	0x000000000000007c	R_AARCH64_ADR_PREL_PG_HI21	.rodata	+ c0
.rela.text	0x0000000000000080	R_AARCH64_ADD_ABS_LO12_NC	.rodata	+ c0
.rela.text	0x0000000000000090	R_AARCH64_CALL26	__devm_regmap_init_i2c	+ 0
.rela.text	0x00000000000000a4	R_AARCH64_ADR_PREL_PG_HI21	.rodata.str1.1	+ 5e
.rela.text	0x00000000000000a8	R_AARCH64_ADD_ABS_LO12_NC	.rodata.str1.1	+ 5e
.rela.text	0x00000000000000ac	R_AARCH64_CALL26	_dev_err	+ 0
.rela.text	0x00000000000000c0	R_AARCH64_ADR_PREL_PG_HI21	.rodata	+ 208
.rela.text	0x00000000000000c4	R_AARCH64_ADD_ABS_LO12_NC	.rodata	+ 208
.rela.text	0x00000000000000e4	R_AARCH64_CALL26	devm_regmap_field_alloc	+ 0
.rela.text	0x0000000000000104	R_AARCH64_ADR_PREL_PG_HI21	.data	+ 438
.rela.text	0x0000000000000108	R_AARCH64_ADD_ABS_LO12_NC	.data	+ 438
.rela.text	0x0000000000000114	R_AARCH64_CALL26	device_create_file	+ 0
.rela.text	0x000000000000011c	R_AARCH64_ADR_PREL_PG_HI21	.rodata.str1.1	+ 39b
.rela.text	0x0000000000000120	R_AARCH64_ADD_ABS_LO12_NC	.rodata.str1.1	+ 39b
.rela.text	0x0000000000000124	R_AARCH64_ADR_PREL_PG_HI21	.rodata.str1.1	+ 104
.rela.text	0x0000000000000128	R_AARCH64_ADD_ABS_LO12_NC	.rodata.str1.1	+ 104
.rela.text	0x000000000000012c	R_AARCH64_ADR_PREL_PG_HI21	.rodata.str1.1	+ 27a
.rela.text	0x0000000000000130	R_AARCH64_ADD_ABS_LO12_NC	.rodata.str1.1	+ 27a
.rela.text	0x000000000000014c	R_AARCH64_ADR_PREL_PG_HI21	.rodata.str1.1	+ 3e6
.rela.text	0x0000000000000150	R_AARCH64_ADD_ABS_LO12_NC	.rodata.str1.1	+ 3e6
.rela.text	0x000000000000015c	R_AARCH64_ADR_PREL_PG_HI21	.rodata.str1.1	+ 92
.rela.text	0x0000000000000160	R_AARCH64_ADD_ABS_LO12_NC	.rodata.str1.1	+ 92
.rela.text	0x000000000000016c	R_AARCH64_ADR_PREL_PG_HI21	.rodata.str1.1	+ 162
.rela.text	0x0000000000000170	R_AARCH64_ADD_ABS_LO12_NC	.rodata.str1.1	+ 162
.rela.text	0x000000000000017c	R_AARCH64_ADR_PREL_PG_HI21	.rodata.str1.1	+ 0
.rela.text	0x0000000000000180	R_AARCH64_ADD_ABS_LO12_NC	.rodata.str1.1	+ 0
.rela.text	0x000000000000018c	R_AARCH64_ADR_PREL_PG_HI21	.rodata.str1.1	+ 14
.rela.text	0x0000000000000190	R_AARCH64_ADD_ABS_LO12_NC	.rodata.str1.1	+ 14
.rela.text	0x000000000000019c	R_AARCH64_ADR_PREL_PG_HI21	.rodata.str1.1	+ 245
.rela.text	0x00000000000001a0	R_AARCH64_ADD_ABS_LO12_NC	.rodata.str1.1	+ 245
.rela.text	0x00000000000001ac	R_AARCH64_ADR_PREL_PG_HI21	.rodata.str1.1	+ a5
.rela.text	0x00000000000001b0	R_AARCH64_ADD_ABS_LO12_NC	.rodata.str1.1	+ a5
.rela.text	0x00000000000001bc	R_AARCH64_ADR_PREL_PG_HI21	.rodata.str1.1	+ b7
.rela.text	0x00000000000001c0	R_AARCH64_ADD_ABS_LO12_NC	.rodata.str1.1	+ b7
.rela.text	0x00000000000001cc	R_AARCH64_ADR_PREL_PG_HI21	.rodata.str1.1	+ 3f8
.rela.text	0x00000000000001d0	R_AARCH64_ADD_ABS_LO12_NC	.rodata.str1.1	+ 3f8
.rela.text	0x00000000000001dc	R_AARCH64_ADR_PREL_PG_HI21	.rodata.str1.1	+ 541
.rela.text	0x00000000000001e0	R_AARCH64_ADD_ABS_LO12_NC	.rodata.str1.1	+ 541
.rela.text	0x00000000000001ec	R_AARCH64_ADR_PREL_PG_HI21	.rodata.str1.1	+ 28d
.rela.text	0x00000000000001f0	R_AARCH64_ADD_ABS_LO12_NC	.rodata.str1.1	+ 28d
.rela.text	0x00000000000001fc	R_AARCH64_ADR_PREL_PG_HI21	.rodata.str1.1	+ 436
.rela.text	0x0000000000000200	R_AARCH64_ADD_ABS_LO12_NC	.rodata.str1.1	+ 436
.rela.text	0x000000000000020c	R_AARCH64_ADR_PREL_PG_HI21	.rodata.str1.1	+ 332
.rela.text	0x0000000000000210	R_AARCH64_ADD_ABS_LO12_NC	.rodata.str1.1	+ 332
.rela.text	0x000000000000021c	R_AARCH64_ADR_PREL_PG_HI21	.rodata.str1.1	+ 37
.rela.text	0x0000000000000220	R_AARCH64_ADD_ABS_LO12_NC	.rodata.str1.1	+ 37
.rela.text	0x000000000000022c	R_AARCH64_ADR_PREL_PG_HI21	.rodata.str1.1	+ 116
.rela.text	0x0000000000000230	R_AARCH64_ADD_ABS_LO12_NC	.rodata.str1.1	+ 116
.rela.text	0x000000000000023c	R_AARCH64_ADR_PREL_PG_HI21	.rodata.str1.1	+ 257
.rela.text	0x0000000000000240	R_AARCH64_ADD_ABS_LO12_NC	.rodata.str1.1	+ 257
.rela.text	0x000000000000024c	R_AARCH64_ADR_PREL_PG_HI21	.rodata.str1.1	+ 372
.rela.text	0x0000000000000250	R_AARCH64_ADD_ABS_LO12_NC	.rodata.str1.1	+ 372
.rela.text	0x000000000000025c	R_AARCH64_ADR_PREL_PG_HI21	.rodata.str1.1	+ 266
.rela.text	0x0000000000000260	R_AARCH64_ADD_ABS_LO12_NC	.rodata.str1.1	+ 266
.rela.text	0x000000000000026c	R_AARCH64_ADR_PREL_PG_HI21	.rodata.str1.1	+ 1a4
.rela.text	0x0000000000000270	R_AARCH64_ADD_ABS_LO12_NC	.rodata.str1.1	+ 1a4
.rela.text	0x000000000000027c	R_AARCH64_ADR_PREL_PG_HI21	.rodata.str1.1	+ 48d
.rela.text	0x0000000000000280	R_AARCH64_ADD_ABS_LO12_NC	.rodata.str1.1	+ 48d
.rela.text	0x000000000000028c	R_AARCH64_ADR_PREL_PG_HI21	.rodata.str1.1	+ 178
.rela.text	0x0000000000000290	R_AARCH64_ADD_ABS_LO12_NC	.rodata.str1.1	+ 178
.rela.text	0x000000000000029c	R_AARCH64_ADR_PREL_PG_HI21	.rodata.str1.1	+ c9
.rela.text	0x00000000000002a0	R_AARCH64_ADD_ABS_LO12_NC	.rodata.str1.1	+ c9
.rela.text	0x00000000000002ac	R_AARCH64_ADR_PREL_PG_HI21	.rodata.str1.1	+ 55e
.rela.text	0x00000000000002b0	R_AARCH64_ADD_ABS_LO12_NC	.rodata.str1.1	+ 55e
.rela.text	0x00000000000002bc	R_AARCH64_ADR_PREL_PG_HI21	.rodata.str1.1	+ e0
.rela.text	0x00000000000002c0	R_AARCH64_ADD_ABS_LO12_NC	.rodata.str1.1	+ e0
.rela.text	0x00000000000002cc	R_AARCH64_ADR_PREL_PG_HI21	.rodata.str1.1	+ 5af
.rela.text	0x00000000000002d0	R_AARCH64_ADD_ABS_LO12_NC	.rodata.str1.1	+ 5af
.rela.text	0x00000000000002dc	R_AARCH64_ADR_PREL_PG_HI21	.rodata.str1.1	+ 12e
.rela.text	0x00000000000002e0	R_AARCH64_ADD_ABS_LO12_NC	.rodata.str1.1	+ 12e
.rela.text	0x00000000000002ec	R_AARCH64_ADR_PREL_PG_HI21	.rodata.str1.1	+ 500
.rela.text	0x00000000000002f0	R_AARCH64_ADD_ABS_LO12_NC	.rodata.str1.1	+ 500
.rela.text	0x00000000000002fc	R_AARCH64_ADR_PREL_PG_HI21	.rodata.str1.1	+ 1bb
.rela.text	0x0000000000000300	R_AARCH64_ADD_ABS_LO12_NC	.rodata.str1.1	+ 1bb
.rela.text	0x000000000000030c	R_AARCH64_ADR_PREL_PG_HI21	.rodata.str1.1	+ 3b1
.rela.text	0x0000000000000310	R_AARCH64_ADD_ABS_LO12_NC	.rodata.str1.1	+ 3b1
.rela.text	0x0000000000000318	R_AARCH64_ADR_PREL_PG_HI21	.rodata.str1.1	+ 477
.rela.text	0x000000000000031c	R_AARCH64_ADD_ABS_LO12_NC	.rodata.str1.1	+ 477
.rela.text	0x000000000000032c	R_AARCH64_ADR_PREL_PG_HI21	.rodata.str1.1	+ 1f4
.rela.text	0x0000000000000330	R_AARCH64_ADD_ABS_LO12_NC	.rodata.str1.1	+ 1f4
.rela.text	0x0000000000000344	R_AARCH64_ADR_PREL_PG_HI21	.rodata.str1.1	+ 4c
.rela.text	0x0000000000000348	R_AARCH64_ADD_ABS_LO12_NC	.rodata.str1.1	+ 4c
.rela.text	0x0000000000000374	R_AARCH64_CALL26	of_property_read_variable_u32_array	+ 0
.rela.text	0x0000000000000388	R_AARCH64_ADR_PREL_PG_HI21	.rodata.str1.1	+ 2cd
.rela.text	0x000000000000038c	R_AARCH64_ADD_ABS_LO12_NC	.rodata.str1.1	+ 2cd
.rela.text	0x000000000000039c	R_AARCH64_CALL26	of_get_named_gpio_flags	+ 0
.rela.text	0x0000000000000578	R_AARCH64_CALL26	regmap_field_update_bits_base	+ 0
.rela.text	0x0000000000000588	R_AARCH64_ADR_PREL_PG_HI21	.rodata.str1.1	+ 417
.rela.text	0x000000000000058c	R_AARCH64_ADD_ABS_LO12_NC	.rodata.str1.1	+ 417
.rela.text	0x0000000000000598	R_AARCH64_CALL26	_dev_err	+ 0
.rela.text	0x00000000000005a0	R_AARCH64_ADR_PREL_PG_HI21	.rodata.str1.1	+ 575
.rela.text	0x00000000000005a4	R_AARCH64_ADD_ABS_LO12_NC	.rodata.str1.1	+ 575
.rela.text	0x00000000000005a8	R_AARCH64_ADR_PREL_PG_HI21	.rodata.str1.1	+ 5c2
.rela.text	0x00000000000005ac	R_AARCH64_ADD_ABS_LO12_NC	.rodata.str1.1	+ 5c2
.rela.text	0x00000000000005b4	R_AARCH64_CALL26	_dev_err	+ 0
.rela.text	0x00000000000005bc	R_AARCH64_CALL26	msleep	+ 0
.rela.text	0x00000000000005c8	R_AARCH64_ADR_PREL_PG_HI21	.rodata.str1.1	+ 417
.rela.text	0x00000000000005cc	R_AARCH64_ADD_ABS_LO12_NC	.rodata.str1.1	+ 417
.rela.text	0x000000000000060c	R_AARCH64_CALL26	regmap_field_update_bits_base	+ 0
.rela.text	0x0000000000000624	R_AARCH64_CALL26	_dev_err	+ 0
.rela.text	0x0000000000000630	R_AARCH64_ADR_PREL_PG_HI21	.rodata.str1.1	+ 4e2
.rela.text	0x0000000000000634	R_AARCH64_ADD_ABS_LO12_NC	.rodata.str1.1	+ 4e2
.rela.text	0x0000000000000638	R_AARCH64_CALL26	_dev_err	+ 0
.rela.text	0x0000000000000650	R_AARCH64_ADR_PREL_PG_HI21	.rodata.str1.1	+ 2bb
.rela.text	0x0000000000000654	R_AARCH64_ADD_ABS_LO12_NC	.rodata.str1.1	+ 2bb
.rela.text	0x000000000000065c	R_AARCH64_CALL26	_dev_err	+ 0
.rela.text	0x0000000000000668	R_AARCH64_ADR_PREL_PG_HI21	.rodata.str1.1	+ 4c9
.rela.text	0x000000000000066c	R_AARCH64_ADD_ABS_LO12_NC	.rodata.str1.1	+ 4c9
.rela.text	0x0000000000000670	R_AARCH64_CALL26	_dev_err	+ 0
.rela.text	0x000000000000067c	R_AARCH64_ADR_PREL_PG_HI21	.rodata.str1.1	+ 2e0
.rela.text	0x0000000000000680	R_AARCH64_ADD_ABS_LO12_NC	.rodata.str1.1	+ 2e0
.rela.text	0x0000000000000684	R_AARCH64_ADR_PREL_PG_HI21	.rodata.str1.1	+ 2a6
.rela.text	0x0000000000000688	R_AARCH64_ADD_ABS_LO12_NC	.rodata.str1.1	+ 2a6
.rela.text	0x0000000000000690	R_AARCH64_CALL26	_dev_err	+ 0
.rela.text	0x000000000000069c	R_AARCH64_CALL26	devm_kfree	+ 0
.rela.text	0x00000000000006a0	R_AARCH64_ADR_PREL_PG_HI21	.rodata.str1.1	+ 52e
.rela.text	0x00000000000006a4	R_AARCH64_ADD_ABS_LO12_NC	.rodata.str1.1	+ 52e
.rela.text	0x00000000000006ac	R_AARCH64_CALL26	_dev_err	+ 0
.rela.text	0x00000000000006ec	R_AARCH64_ADR_PREL_PG_HI21	.rodata.str1.1	+ 2f8
.rela.text	0x00000000000006f0	R_AARCH64_ADD_ABS_LO12_NC	.rodata.str1.1	+ 2f8
.rela.text	0x00000000000006f4	R_AARCH64_ADR_PREL_PG_HI21	.rodata.str1.1	+ 5d5
.rela.text	0x00000000000006f8	R_AARCH64_ADD_ABS_LO12_NC	.rodata.str1.1	+ 5d5
.rela.text	0x000000000000070c	R_AARCH64_CALL26	regmap_read	+ 0
.rela.text	0x0000000000000728	R_AARCH64_CALL26	_dev_err	+ 0
.rela.text	0x0000000000000740	R_AARCH64_ADR_PREL_PG_HI21	.rodata.str1.1	+ 3cb
.rela.text	0x0000000000000744	R_AARCH64_ADD_ABS_LO12_NC	.rodata.str1.1	+ 3cb
.rela.text	0x0000000000000760	R_AARCH64_ADR_PREL_PG_HI21	.rodata.str1.1	+ 1da
.rela.text	0x0000000000000764	R_AARCH64_ADD_ABS_LO12_NC	.rodata.str1.1	+ 1da
.rela.text	0x000000000000076c	R_AARCH64_ADR_PREL_PG_HI21	.rodata.str1.1	+ 356
.rela.text	0x0000000000000770	R_AARCH64_ADD_ABS_LO12_NC	.rodata.str1.1	+ 356
.rela.text	0x0000000000000774	R_AARCH64_CALL26	_dev_err	+ 0
.rela.text	0x0000000000000784	R_AARCH64_CALL26	__stack_chk_fail	+ 0
.rela.text	0x00000000000007a4	R_AARCH64_CALL26	devm_kfree	+ 0
.rela.text	0x00000000000007e4	R_AARCH64_CALL26	regmap_field_update_bits_base	+ 0
.rela.text	0x00000000000007f4	R_AARCH64_ADR_PREL_PG_HI21	.rodata.str1.1	+ 417
.rela.text	0x00000000000007f8	R_AARCH64_ADD_ABS_LO12_NC	.rodata.str1.1	+ 417
.rela.text	0x0000000000000800	R_AARCH64_CALL26	_dev_err	+ 0
.rela.text	0x0000000000000804	R_AARCH64_ADR_PREL_PG_HI21	.rodata.str1.1	+ 21c
.rela.text	0x0000000000000808	R_AARCH64_ADD_ABS_LO12_NC	.rodata.str1.1	+ 21c
.rela.text	0x000000000000080c	R_AARCH64_CALL26	_printk	+ 0
.rela.text	0x0000000000000840	R_AARCH64_ADR_PREL_PG_HI21	.rodata.str1.1	+ 1cf
.rela.text	0x0000000000000844	R_AARCH64_ADD_ABS_LO12_NC	.rodata.str1.1	+ 1cf
.rela.text	0x000000000000084c	R_AARCH64_CALL26	gpio_request_one	+ 0
.rela.text	0x0000000000000858	R_AARCH64_CALL26	gpio_to_desc	+ 0
.rela.text	0x000000000000085c	R_AARCH64_CALL26	gpiod_to_irq	+ 0
.rela.text	0x0000000000000874	R_AARCH64_ADR_PREL_PG_HI21	.text	+ ae8
.rela.text	0x0000000000000878	R_AARCH64_ADD_ABS_LO12_NC	.text	+ ae8
.rela.text	0x000000000000087c	R_AARCH64_ADR_PREL_PG_HI21	.rodata.str1.1	+ 311
.rela.text	0x0000000000000880	R_AARCH64_ADD_ABS_LO12_NC	.rodata.str1.1	+ 311
.rela.text	0x0000000000000894	R_AARCH64_CALL26	devm_request_threaded_irq	+ 0
.rela.text	0x00000000000008a8	R_AARCH64_CALL26	irq_set_irq_wake	+ 0
.rela.text	0x00000000000008bc	R_AARCH64_ADR_PREL_PG_HI21	.rodata.str1.1	+ 7b
.rela.text	0x00000000000008c0	R_AARCH64_ADD_ABS_LO12_NC	.rodata.str1.1	+ 7b
.rela.text	0x00000000000008cc	R_AARCH64_ADR_PREL_PG_HI21	.rodata.str1.1	+ 144
.rela.text	0x00000000000008d0	R_AARCH64_ADD_ABS_LO12_NC	.rodata.str1.1	+ 144
.rela.text	0x00000000000008dc	R_AARCH64_ADR_PREL_PG_HI21	.rodata.str1.1	+ 205
.rela.text	0x00000000000008e0	R_AARCH64_ADD_ABS_LO12_NC	.rodata.str1.1	+ 205
.rela.text	0x00000000000008e4	R_AARCH64_CALL26	_dev_err	+ 0
.rela.text	0x0000000000000904	R_AARCH64_ADR_PREL_PG_HI21	.rodata.str1.1	+ 44f
.rela.text	0x0000000000000908	R_AARCH64_ADD_ABS_LO12_NC	.rodata.str1.1	+ 44f
.rela.text	0x0000000000000914	R_AARCH64_CALL26	_dev_err	+ 0
.rela.text	0x0000000000000968	R_AARCH64_CALL26	memset	+ 0
.rela.text	0x000000000000096c	R_AARCH64_ADR_PREL_PG_HI21	.rodata.str1.1	+ ff
.rela.text	0x0000000000000970	R_AARCH64_ADD_ABS_LO12_NC	.rodata.str1.1	+ ff
.rela.text	0x0000000000000974	R_AARCH64_ADR_PREL_PG_HI21	.rodata.str1.1	+ 34f
.rela.text	0x0000000000000978	R_AARCH64_ADD_ABS_LO12_NC	.rodata.str1.1	+ 34f
.rela.text	0x0000000000000988	R_AARCH64_CALL26	snprintf	+ 0
.rela.text	0x0000000000000994	R_AARCH64_ADR_PREL_PG_HI21	.rodata.str1.1	+ 387
.rela.text	0x0000000000000998	R_AARCH64_ADD_ABS_LO12_NC	.rodata.str1.1	+ 387
.rela.text	0x00000000000009b0	R_AARCH64_CALL26	memcpy	+ 0
.rela.text	0x00000000000009d0	R_AARCH64_CALL26	regmap_read	+ 0
.rela.text	0x00000000000009f0	R_AARCH64_CALL26	snprintf	+ 0
.rela.text	0x00000000000009fc	R_AARCH64_ADR_PREL_PG_HI21	.rodata.str1.1	+ 4c2
.rela.text	0x0000000000000a00	R_AARCH64_ADD_ABS_LO12_NC	.rodata.str1.1	+ 4c2
.rela.text	0x0000000000000a04	R_AARCH64_CALL26	fortify_panic	+ 0
.rela.text	0x0000000000000a44	R_AARCH64_CALL26	__stack_chk_fail	+ 0
.rela.text	0x0000000000000a70	R_AARCH64_ADR_PREL_PG_HI21	.rodata.str1.1	+ 4a4
.rela.text	0x0000000000000a74	R_AARCH64_ADD_ABS_LO12_NC	.rodata.str1.1	+ 4a4
.rela.text	0x0000000000000a90	R_AARCH64_CALL26	sscanf	+ 0
.rela.text	0x0000000000000ab0	R_AARCH64_CALL26	regmap_write	+ 0
.rela.text	0x0000000000000ae0	R_AARCH64_CALL26	__stack_chk_fail	+ 0
.rela.text	0x0000000000000b10	R_AARCH64_ADR_PREL_PG_HI21	.rodata.str1.1	+ 2a
.rela.text	0x0000000000000b14	R_AARCH64_ADD_ABS_LO12_NC	.rodata.str1.1	+ 2a
.rela.text	0x0000000000000b18	R_AARCH64_CALL26	_dev_err	+ 0
.rela.text	0x0000000000000b2c	R_AARCH64_CALL26	regmap_read	+ 0
.rela.text	0x0000000000000b40	R_AARCH64_CALL26	regmap_read	+ 0
.rela.text	0x0000000000000b54	R_AARCH64_CALL26	regmap_read	+ 0
.rela.text	0x0000000000000b8c	R_AARCH64_ADR_PREL_PG_HI21	.rodata.str1.1	+ 597
.rela.text	0x0000000000000b90	R_AARCH64_ADD_ABS_LO12_NC	.rodata.str1.1	+ 597
.rela.text	0x0000000000000b98	R_AARCH64_CALL26	_dev_err	+ 0
.rela.text	0x0000000000000ba4	R_AARCH64_ADR_PREL_PG_HI21	.rodata.str1.1	+ 516
.rela.text	0x0000000000000ba8	R_AARCH64_ADD_ABS_LO12_NC	.rodata.str1.1	+ 516
.rela.text	0x0000000000000bb0	R_AARCH64_CALL26	_dev_err	+ 0
.rela.text	0x0000000000000bbc	R_AARCH64_ADR_PREL_PG_HI21	.rodata.str1.1	+ 4aa
.rela.text	0x0000000000000bc0	R_AARCH64_ADD_ABS_LO12_NC	.rodata.str1.1	+ 4aa
.rela.text	0x0000000000000bc8	R_AARCH64_CALL26	_dev_err	+ 0
.rela.text	0x0000000000000bd0	R_AARCH64_CALL26	__stack_chk_fail	+ 0
.rela.text	0x0000000000000bf0	R_AARCH64_ADR_PREL_PG_HI21	.rodata.str1.1	+ 31c
.rela.text	0x0000000000000bf4	R_AARCH64_ADD_ABS_LO12_NC	.rodata.str1.1	+ 31c
.rela.text	0x0000000000000bfc	R_AARCH64_CALL26	_dev_info	+ 0
.rela.text	0x0000000000000c18	R_AARCH64_CALL26	irq_set_irq_wake	+ 0
.rela.text	0x0000000000000c20	R_AARCH64_CALL26	disable_irq	+ 0
.rela.text	0x0000000000000c54	R_AARCH64_ADR_PREL_PG_HI21	.rodata.str1.1	+ 18f
.rela.text	0x0000000000000c58	R_AARCH64_ADD_ABS_LO12_NC	.rodata.str1.1	+ 18f
.rela.text	0x0000000000000c60	R_AARCH64_CALL26	_dev_info	+ 0
.rela.text	0x0000000000000c7c	R_AARCH64_CALL26	irq_set_irq_wake	+ 0
.rela.text	0x0000000000000c84	R_AARCH64_CALL26	enable_irq	+ 0
.rela.init.text	0x0000000000000010	R_AARCH64_ADR_PREL_PG_HI21	__this_module	+ 0
.rela.init.text	0x0000000000000014	R_AARCH64_ADD_ABS_LO12_NC	__this_module	+ 0
.rela.init.text	0x0000000000000018	R_AARCH64_ADR_PREL_PG_HI21	.data	+ 0
.rela.init.text	0x000000000000001c	R_AARCH64_ADD_ABS_LO12_NC	.data	+ 0
.rela.init.text	0x0000000000000020	R_AARCH64_CALL26	i2c_register_driver	+ 0
.rela.exit.text	0x0000000000000010	R_AARCH64_ADR_PREL_PG_HI21	.data	+ 0
.rela.exit.text	0x0000000000000014	R_AARCH64_ADD_ABS_LO12_NC	.data	+ 0
.rela.exit.text	0x0000000000000018	R_AARCH64_CALL26	i2c_del_driver	+ 0
.rela.init.data	0x0000000000000000	R_AARCH64_ABS64	init_module	+ 0
.rela.exit.data	0x0000000000000000	R_AARCH64_ABS64	cleanup_module	+ 0
.rela.data	0x0000000000000008	R_AARCH64_ABS64	.text	+ 4
.rela.data	0x0000000000000010	R_AARCH64_ABS64	.text	+ 78c
.rela.data	0x0000000000000020	R_AARCH64_ABS64	.text	+ 7b8
.rela.data	0x0000000000000038	R_AARCH64_ABS64	.rodata.str1.1	+ 34f
.rela.data	0x0000000000000048	R_AARCH64_ABS64	__this_module	+ 0
.rela.data	0x0000000000000060	R_AARCH64_ABS64	.data	+ 118
.rela.data	0x00000000000000b0	R_AARCH64_ABS64	.rodata	+ 0
.rela.data	0x0000000000000438	R_AARCH64_ABS64	.rodata.str1.1	+ 345
.rela.data	0x0000000000000448	R_AARCH64_ABS64	.text	+ 920
.rela.data	0x0000000000000450	R_AARCH64_ABS64	.text	+ a4c
.rela.rodata	0x0000000000000010	R_AARCH64_ABS64	.text	+ bd8
.rela.rodata	0x0000000000000018	R_AARCH64_ABS64	.text	+ c3c
.rela.rodata	0x0000000000000020	R_AARCH64_ABS64	.text	+ bd8
.rela.rodata	0x0000000000000028	R_AARCH64_ABS64	.text	+ c3c
.rela.rodata	0x0000000000000030	R_AARCH64_ABS64	.text	+ bd8
.rela.rodata	0x0000000000000038	R_AARCH64_ABS64	.text	+ c3c
.rela.eh_frame	0x000000000000001c	R_AARCH64_PREL32	.init.text	+ 4
.rela.eh_frame	0x0000000000000048	R_AARCH64_PREL32	.exit.text	+ 4
.rela.eh_frame	0x0000000000000074	R_AARCH64_PREL32	.text	+ 4
.rela.eh_frame	0x00000000000000b8	R_AARCH64_PREL32	.text	+ 78c
.rela.eh_frame	0x00000000000000e4	R_AARCH64_PREL32	.text	+ 7b8
.rela.eh_frame	0x0000000000000114	R_AARCH64_PREL32	.text	+ 820
.rela.eh_frame	0x0000000000000148	R_AARCH64_PREL32	.text	+ 920
.rela.eh_frame	0x0000000000000194	R_AARCH64_PREL32	.text	+ a4c
.rela.eh_frame	0x00000000000001c8	R_AARCH64_PREL32	.text	+ ae8
.rela.eh_frame	0x00000000000001f8	R_AARCH64_PREL32	.text	+ bd8
.rela.eh_frame	0x0000000000000228	R_AARCH64_PREL32	.text	+ c3c
.rela.gnu.linkonce.this_module	0x0000000000000170	R_AARCH64_ABS64	init_module	+ 0
.rela.gnu.linkonce.this_module	0x00000000000003d8	R_AARCH64_ABS64	cleanup_module	+ 0
