symbol	crc
of_find_compatible_node	0x3d6e4570
_printk	0x92997ed8
__wake_up	0xe2964344
devm_pinctrl_get	0x1e78d642
_dev_err	0xf27ed00b
pinctrl_lookup_state	0xfcab557c
devm_pinctrl_put	0x1eb56d31
pinctrl_select_state	0x92ee9662
irq_of_parse_and_map	0xe416cf51
of_get_named_gpio_flags	0xb9ab15e7
init_wait_entry	0xfe487975
prepare_to_wait_event	0x8c26d495
finish_wait	0x92540fbf
schedule_timeout	0x8ddd8aad
__stack_chk_fail	0xc2c193d2
__platform_driver_register	0x894c433a
platform_driver_unregister	0xe1b15563
module_layout	0xea759d7f
