name	stock_section	rebuild_section	stock_size	rebuild_size	stock_kcfi	rebuild_kcfi	stock_hash	rebuild_hash	stock_external_calls	rebuild_external_calls	stock_internal_calls	rebuild_internal_calls	stock_immediates	rebuild_immediates	stock_cfg	rebuild_cfg	byte_identity	residual_explanation
cleanup_module	.exit.text	.exit.text	88	36	0xa540670c	0xa540670c	defe25cf5b9d96bfde55d97366aeba6c4912f35664b054c9d4a6af5dacf2df73	022d1f8a88b2242b9938288dcd07f975c12b83337276f60e60d743f109a21c2c	_printk;i2c_del_driver	i2c_del_driver	-	-	0x0;0x10;0x20;0x8d5	0x0;0x10	cond=0;jmp=0;call=2;ret=1	cond=0;jmp=0;call=1;ret=1	NO	code-generation/CFG differs; named target hardware and ABI behavior closed by contract/disassembly
init_module	.init.text	.init.text	160	68	0x36b1c5a6	0x36b1c5a6	4d07ed73ace8358fd2dffcf306c58e35ba6ec87dae965a970d944ac125845d16	16596e4443db85109f9227e276fb2660242e36938f15c4b789989ff6540358e6	_printk;i2c_register_driver;yft_touchpanel_device_add	i2c_register_driver;yft_touchpanel_device_add	-	-	0x0;0x10;0x20;0x8c7	0x0;0x10;0x20	cond=0;jmp=0;call=3;ret=1	cond=0;jmp=0;call=2;ret=1	NO	code-generation/CFG differs; named target hardware and ABI behavior closed by contract/disassembly
hyn_reset_watchdog_proc	.text	.text	4	4	0xa540670c	0xa540670c	110f46b5b35c069160560c6ad6786f647dd44e8760a52a46fc22dbbcd7630b91	110f46b5b35c069160560c6ad6786f647dd44e8760a52a46fc22dbbcd7630b91	-	-	-	-	-	-	cond=0;jmp=0;call=0;ret=1	cond=0;jmp=0;call=0;ret=1	YES	NONE
hyn_reset_proc	.text	.text	372	372	0x00050794	0x00050794	391b38adfc959de4de452bee2d9b2d9525019dabdae3b482fd82b956e83de1bc	b5ef446d871908e30b184ae295bf5f2d4e8c6c1afeb8044e704744d4f3b237d8	__const_udelay;_printk;gpio_to_desc;gpiod_direction_output_raw	__const_udelay;gpio_to_desc;gpiod_direction_output_raw	-	-	0x0;0x1;0x8;0x10;0x20;0x41;0x8958	0x1;0x4;0x10;0x18;0x20;0x41;0x8958	cond=0;jmp=0;call=4;ret=1	cond=0;jmp=0;call=3;ret=1	NO	code-generation/CFG differs; named target hardware and ABI behavior closed by contract/disassembly
hyn_irq_disable	.text	.text	68	72	0xa540670c	0xa540670c	931a41d5d19fe6a186da1b7700642fe4b664148a3fc8c193d00c5d9c682b1b3e	843dfb3a1b76fbcd703573e660dad06c9700202e020ce91cf1bc8fdd171b7fac	disable_irq_nosync	disable_irq_nosync	-	-	0x1;0x10;0x20;0xa9;0xac	0x1;0x10;0x20;0x90;0xa9	cond=0;jmp=0;call=1;ret=1	cond=0;jmp=0;call=1;ret=1	NO	code-generation/CFG differs; named target hardware and ABI behavior closed by contract/disassembly
hyn_irq_enable	.text	.text	64	68	0xa540670c	0xa540670c	6d30c0f95296df641b7734be21c313ba6b700d567abe70522532182582f18e7f	ac467cc1912263b4f68a7d4e4d8763d4151c6d33813ec1355c3e607ec2b701d6	enable_irq	enable_irq	-	-	0x10;0x20;0xa9;0xac	0x10;0x20;0x90;0xa9	cond=0;jmp=0;call=1;ret=1	cond=0;jmp=0;call=1;ret=1	NO	code-generation/CFG differs; named target hardware and ABI behavior closed by contract/disassembly
hyn_update_firmware_init	.text	.text	236	48	0xcc836375	0xcc836375	2c49700443a25e0495ba41f53f5db1dedc413b573c25c8a2738b565bc7d7c444	56a3849e671b6afe7d539bfb7ed7a273cac80ff0281040082c58cf686a9ddc3f	_printk	-	hyn_firmware_info	hyn_firmware_info	0x0;0x1;0x6;0x10;0x1f;0x20;0x21;0x1a2;0x1a4;0x1a6;0x1a8;0x4f6	0x10;0x9e;0x320;0x1502	cond=0;jmp=0;call=2;ret=1	cond=0;jmp=0;call=1;ret=1	NO	code-generation/CFG differs; named target hardware and ABI behavior closed by contract/disassembly
hyn_input_dev_int	.text	.text	564	396	0xcaa902df	0xcaa902df	b68a46046e1a7f73b0b8241225e86f3f0dd20ce486f24b3d0d397f14df4d87ac	70e6e0a4e518190b47f9079d5d08937d6d92dafe063af042c2dadb4950ca7e6e	__flush_workqueue;_printk;alloc_workqueue;input_allocate_device;input_free_device;input_register_device;input_set_abs_params	__flush_workqueue;alloc_workqueue;input_allocate_device;input_free_device;input_register_device;input_set_abs_params	-	-	0x0;0x1;0x2;0xa;0xb;0xe;0x10;0x18;0x1c;0x1f;0x20;0x24;0x30;0x32;0x35;0x36;0x39;0x58;0x70;0x78;0x80;0x88;0x8b;0xa0;0xc8;0xff;0x1a8;0x2a0;0x2d8;0x400;0x553	0x0;0x1;0x2;0x8;0xb;0x10;0x18;0x1c;0x1f;0x20;0x28;0x30;0x32;0x35;0x36;0x38;0x39;0x50;0x58;0x94;0xb7;0xc8;0xff;0x2a0;0x400	cond=0;jmp=0;call=7;ret=1	cond=0;jmp=0;call=6;ret=1	NO	code-generation/CFG differs; named target hardware and ABI behavior closed by contract/disassembly
cst3xx_touch_report	.text	.text	1388	28	0xb86001b6	0xb86001b6	d34d46f14b899e2c0116e5d3d45622032ae0abf70f8e7ac75f884c1511002c76	05d64fcf55737a4ce4ab83a31ff0e3ffdfd0bdd2d76199d1afb38d30094969bc	__stack_chk_fail;_printk;input_event	-	cst3xx_i2c_read_register;cst3xx_i2c_write;hyn_gesture_readdata;hyn_reset_proc	-	0x0;0x1;0x2;0x3;0x7;0x8;0xa;0xf;0x10;0x11;0x12;0x13;0x14;0x15;0x16;0x18;0x1c;0x1f;0x20;0x24;0x28;0x30;0x32;0x35;0x36;0x39;0x40;0x48;0x4e;0x60;0x68;0x70;0x7f;0x80;0x88;0x89;0x8a;0x8c;0x90;0xa0;0xa5;0xab;0xb4;0xb5;0xca;0xd0;0xff;0x14a;0x638;0x5512;0xff00	0x10	cond=0;jmp=0;call=7;ret=1	cond=0;jmp=0;call=0;ret=1	NO	code-generation/CFG differs; named target hardware and ABI behavior closed by contract/disassembly
cst8xx_touch_report	.text	.text	820	316	0xb86001b6	0xb86001b6	73f1699a9cd463db35d878964e47d1a652c3b85101c299279bca094cfa3b139b	2a47f49b669803b84a296ffd7d9555e85994f79b15101294fbe334b73755e1bd	__stack_chk_fail;_printk;enable_irq;input_event;pm_wakeup_dev_event	__stack_chk_fail;input_event;pm_wakeup_dev_event	hyn_gesture_readdata;hyn_i2c_read	hyn_gesture_readdata;hyn_i2c_read;hyn_irq_enable	0x0;0x1;0x2;0x8;0x9;0xa;0xb;0xc;0xd;0xe;0xf;0x10;0x18;0x1c;0x1f;0x20;0x24;0x30;0x40;0x50;0x60;0x70;0x8b;0xa9;0xac;0xb7;0x147;0x14a;0x240;0x638;0x1388;0x5512	0x1;0x4;0x8;0x9;0xa;0xb;0xc;0xd;0xf;0x10;0x1f;0x20;0x28;0x30;0x40;0x80;0xc0;0x638;0x1388	cond=0;jmp=0;call=7;ret=1	cond=0;jmp=0;call=6;ret=1	NO	code-generation/CFG differs; named target hardware and ABI behavior closed by contract/disassembly
hyn_irq_init	.text	.text	364	248	0xcc836375	0xcc836375	4d7504a73b3f4143f6ccd683edc1624fc31160ed7ffcec1608a799dde6e2b192	e6c117327eeef0071266c8b0ebc471201e1c91876f2d9bd9e5c05df9d592d4a6	_printk;gpio_to_desc;gpiod_to_irq;irq_set_irq_wake;of_find_matching_node_and_match;request_threaded_irq	__stack_chk_fail;gpio_to_desc;gpiod_to_irq;irq_set_irq_wake;of_find_matching_node_and_match;request_threaded_irq	-	-	0x0;0x1;0x2;0x4;0x8;0x10;0x20;0xac;0xb0;0x28e;0x3b4;0x2000	0x0;0x1;0x8;0x10;0x18;0x20;0x28;0x30;0x40;0x90;0xa8;0x3b4;0x638;0x2002	cond=0;jmp=0;call=6;ret=1	cond=0;jmp=0;call=6;ret=1	NO	code-generation/CFG differs; named target hardware and ABI behavior closed by contract/disassembly
hyn_enter_deep_sleep	.text	.text	228	48	0xa540670c	0xa540670c	0429bce9c8a9ab16e9a27148aee9a50e0c87867030efe06a8b5a72b3a61eb371	5da1cfe2aed452bb990369395c474e0e7ff8aea76eca4a75cf658db227e898d8	__stack_chk_fail;_printk	-	cst3xx_i2c_write;hyn_i2c_write_byte;hyn_reset_proc	hyn_i2c_write_byte	0x0;0x1;0x2;0x3;0x4;0x8;0x10;0x1f;0x20;0x30;0x32;0xe5;0x1a8;0x5d1;0x638	0x3;0x10;0xe5	cond=0;jmp=0;call=5;ret=1	cond=0;jmp=0;call=1;ret=1	NO	code-generation/CFG differs; named target hardware and ABI behavior closed by contract/disassembly
hyn_ts_data_init	.text	.text	344	56	0x8effdd6d	0x8effdd6d	68f74573da928c6b3a23bc8315e6be07cd8c6cd5b111c5777c71067642630802	6313cebaf85f7b0af64388463294d4701f9bac31946b91102c1a87cccf584437	_printk	-	-	-	0x0;0x1;0x2;0x6;0x8;0x10;0x15;0x20;0x21;0x24;0x88;0x89;0x8a;0xb6;0xb7;0x1a2;0x1a3;0x1a4;0x1a6;0x1a8;0x676	0x2;0x15;0x20;0x94;0x9e;0xa4;0xb7;0x320;0x1502	cond=0;jmp=0;call=1;ret=1	cond=0;jmp=0;call=0;ret=1	NO	code-generation/CFG differs; named target hardware and ABI behavior closed by contract/disassembly
hyn_platform_data_init	.text	.text	1240	372	0xcaa902df	0xcaa902df	9094464a4f33261f0be06adf175958bd5fa4a6e50741bf73fa2e7d30f03e757f	0bc346914f8c3b9ffd871926d90174a09fd3153bef33e3cc6a5fa9b0cbb53dfc	__stack_chk_fail;_printk;kmalloc_trace;of_find_property;of_get_named_gpio_flags;of_match_device;of_property_read_variable_u32_array	__stack_chk_fail;kmalloc_trace;of_find_property;of_get_named_gpio_flags;of_property_read_variable_u32_array	-	-	0x0;0x1;0x2;0x3;0x4;0x5;0x6;0x7;0x8;0xc;0x10;0x14;0x18;0x1f;0x20;0x24;0x28;0x2c;0x30;0x34;0x38;0x3c;0x40;0x44;0x48;0x4c;0x50;0x54;0x58;0x5c;0x60;0x64;0x68;0x6c;0x70;0x74;0x78;0x7c;0x80;0x84;0x8b;0x94;0x154;0x2e8;0x638;0x64c;0xdc0;0x5512	0x0;0x1;0x2;0x4;0x8;0xc;0x10;0x18;0x1c;0x1f;0x20;0x24;0x30;0x40;0x50;0x2e8;0x638;0xdc0	cond=0;jmp=0;call=7;ret=1	cond=0;jmp=0;call=5;ret=1	NO	code-generation/CFG differs; named target hardware and ABI behavior closed by contract/disassembly
tiny_tp_power_contorl	.text	.text	576	232	0x019c0cac	0x019c0cac	ccd62742576178e5503cacbceddf99a9f65a265c729badbff9029ac090a767e6	9660d77970c6751c505091864849e68cb58e0efa0b2a83718d0c60da4627661f	_printk;disable_irq_nosync;enable_irq;input_event	input_event	hyn_enter_deep_sleep;hyn_gesture_resume;hyn_gesture_suspend;hyn_reset_proc	hyn_enter_deep_sleep;hyn_gesture_resume;hyn_gesture_suspend;hyn_irq_disable;hyn_irq_enable;hyn_reset_proc	0x0;0x1;0x2;0xa;0x10;0x18;0x20;0x28;0xa9;0xac;0xb6;0xb7;0xe2;0x14a;0x6bc	0x1;0x2;0xa;0x10;0x20;0x28;0xaa;0x14a	cond=0;jmp=0;call=8;ret=1	cond=0;jmp=0;call=7;ret=1	NO	code-generation/CFG differs; named target hardware and ABI behavior closed by contract/disassembly
tiny_tp_gesture_contorl	.text	.text	104	32	0x019c0cac	0x019c0cac	5141946244b79b355d15c56f85959f65f0a3936c22be302e7b8f7660b95811b8	c7b91a9e86c19ec96b481e1ee0449f0265dd2df7bc991900936a63d3e6139af0	_printk	-	-	-	0x0;0x1;0x10	0x0	cond=0;jmp=0;call=1;ret=1	cond=0;jmp=0;call=0;ret=1	NO	code-generation/CFG differs; named target hardware and ABI behavior closed by contract/disassembly
cst3xx_touch_down	.text	.text	204	192	0xd65f03c0	0xd65f03c0	9aaa1485a8adcee59fd3895f412a27327c12afbb1d456233cbd7a58e0fbf1463	3cc7ee2c9e3ef267094b5f9bda39dca9f40133ded8b7caa3a3f326f10b55afd9	input_event	input_event	-	-	0x1;0x2;0x3;0x10;0x20;0x30;0x32;0x35;0x36;0x39;0x40;0x14a	0x1;0x2;0x3;0x10;0x20;0x30;0x32;0x35;0x36;0x39;0x14a	cond=0;jmp=0;call=1;ret=1	cond=0;jmp=0;call=1;ret=1	NO	code-generation/CFG differs; named target hardware and ABI behavior closed by contract/disassembly
cst3xx_touch_up	.text	.text	72	92	0xd65f03c0	0xd65f03c0	9ba99629c16111bda62afef266d44744bd0707e5fa60767b5c84d8063a276812	e338b9b82b2ed28857695f48013078666d5f329bcab0dcfc98281c0d2cfb7a54	input_event	input_event	-	-	0x1;0x2;0x10;0x20;0x14a	0x1;0x2;0x3;0x10;0x20;0x39;0x14a	cond=0;jmp=0;call=1;ret=1	cond=0;jmp=0;call=1;ret=1	NO	code-generation/CFG differs; named target hardware and ABI behavior closed by contract/disassembly
tpd_up	.text	.text	96	40	0xd65f03c0	0xd65f03c0	9e6e627414a6c00f6236ddfd88fc8dd3919b4c112e38778c18661b0965b14dd0	c3bc8003f385d10fcfa43aae897faa49901b98434fde33bcd514e5f1ba8d5770	_printk;input_event	-	-	-	0x0;0x1;0x2;0x10;0x18;0x20;0x14a	0x10	cond=0;jmp=0;call=2;ret=1	cond=0;jmp=0;call=0;ret=1	NO	code-generation/CFG differs; named target hardware and ABI behavior closed by contract/disassembly
tpd_down	.text	.text	236	60	0xd65f03c0	0xd65f03c0	b97afd6de7f23ccf631098eecb37f567803e56e90fe3385682ecf10f617558e9	042fa52c3ec86a3f1c54b14af29aed0d8e7e208fb9658fd18990cbdced54b0ae	_printk;input_event	-	-	-	0x0;0x1;0x2;0x3;0x9;0x10;0x18;0x20;0x30;0x35;0x36;0x39;0x14a	0x10;0x28	cond=0;jmp=0;call=2;ret=2	cond=0;jmp=0;call=0;ret=1	NO	code-generation/CFG differs; named target hardware and ABI behavior closed by contract/disassembly
hyn_eint_interrupt_handler	.text	.text	104	64	0xf90f05f6	0xf90f05f6	15a812a7efae89c1372a88a32539d7c6f0febefe028d02a07ce2533eddb65e3c	84de0f0b18cf5f3287de9e3c8f185f65fb7a7654494894c07da750cfd7651e45	disable_irq_nosync;queue_work_on	queue_work_on	-	hyn_irq_disable	0x1;0x10;0x20;0x70;0xa0;0xa9;0xac	0x1;0x10;0x20;0x50	cond=0;jmp=0;call=2;ret=1	cond=0;jmp=0;call=2;ret=1	NO	code-generation/CFG differs; named target hardware and ABI behavior closed by contract/disassembly
hyn_probe	.text	.text	1860	576	0x5ef138aa	0x5ef138aa	e4e124ef3227d1f3fd776533df5feba5a45196e61cb1ae7a24da261f3149d588	f75a6b5f554548ee864be4081ee6e2b3e63e607d19a8d154bc75d9a8e0f01062	__const_udelay;_printk;disable_irq_nosync;enable_irq;free_irq;gpio_free;gpio_request;gpio_to_desc;gpiod_direction_input;gpiod_direction_output_raw;kfree;kmalloc_trace;yft_set_touch_device_used	__const_udelay;__mutex_init;free_irq;gpio_free;gpio_request;gpio_to_desc;gpiod_direction_input;gpiod_direction_output_raw;input_free_device;kfree;kmalloc_trace;of_match_device;yft_set_touch_device_used	hyn_create_sysfs;hyn_detect_bootloader;hyn_firmware_info;hyn_gesture_exit;hyn_gesture_init;hyn_input_dev_int;hyn_irq_init;hyn_platform_data_init;hyn_release_sysfs;hyn_reset_proc;hyn_ts_data_init;hyn_update_firmware_init	hyn_create_sysfs;hyn_detect_bootloader;hyn_firmware_info;hyn_gesture_init;hyn_input_dev_int;hyn_irq_disable;hyn_irq_enable;hyn_irq_init;hyn_platform_data_init;hyn_reset_proc;hyn_ts_data_init;hyn_update_firmware_init	0x0;0x1;0x8;0x10;0x18;0x1f;0x20;0x28;0x30;0x41;0xa9;0xac;0xb8;0x1ff;0x248;0x5c2;0x5d0;0x849;0x86e;0xdc0;0x8228;0x8958;0x8f79;0xe0b0	0x0;0x1;0x4;0x8;0x10;0x18;0x1f;0x20;0x28;0x30;0x41;0x60;0x90;0xa8;0xc0;0xdc0;0x8958	cond=0;jmp=0;call=25;ret=1	cond=0;jmp=0;call=25;ret=1	NO	code-generation/CFG differs; named target hardware and ABI behavior closed by contract/disassembly
hyn_remove	.text	.text	92	144	0x8effdd6d	0x8effdd6d	7939eb1d8fc371a8aa4b447b8dbad6b8017611e6622c9bc37b902690cc40c435	e6c4909bf75f5f4d93c30d66105c79eda0f2c32e5f3b171fbdb44214a693a4ba	_printk	__flush_workqueue;free_irq;gpio_free;input_free_device;kfree	hyn_gesture_exit;hyn_release_sysfs	hyn_gesture_exit;hyn_release_sysfs	0x0;0x10;0x20;0x893	0x4;0x8;0x10;0x18;0x20;0x50;0x90	cond=0;jmp=0;call=3;ret=1	cond=0;jmp=0;call=7;ret=1	NO	code-generation/CFG differs; named target hardware and ABI behavior closed by contract/disassembly
hyn_detect	.text	.text	32	32	0x30b22b8e	0x30b22b8e	0708c299fa8c8af9c348a22ac23fac81727b5ab541feac4e5b8d15bc7637dc63	0708c299fa8c8af9c348a22ac23fac81727b5ab541feac4e5b8d15bc7637dc63	-	-	-	-	0x3;0x73;0x5f6e;0x745f;0x7968	0x3;0x73;0x5f6e;0x745f;0x7968	cond=0;jmp=0;call=0;ret=1	cond=0;jmp=0;call=0;ret=1	YES	NONE
hyn_i2c_read	.text	.text	160	140	0x90b95eb7	0x90b95eb7	5f1000f4c2d5c759ce2fb1cb09c1eb5749395cec4da07e9e13cf5f01d086cbe5	ff8ced208154a39c3e77e4511e10075613989ba54c9345a790ef11d75002155c	_printk;i2c_transfer_buffer_flags	_dev_err;_printk;i2c_transfer_buffer_flags	-	-	0x0;0x1;0x10;0x1f;0x20;0x30	0x0;0x1;0x10;0x1f;0x20;0x30	cond=0;jmp=0;call=2;ret=1	cond=0;jmp=0;call=3;ret=1	NO	code-generation/CFG differs; named target hardware and ABI behavior closed by contract/disassembly
hyn_i2c_write	.text	.text	100	76	0xcb32cd11	0xcb32cd11	9511fb52c2824856fb1dffbf9be3d0770e4965d62a28101922b6809b66dd6a6f	ef6ee4e82200a5203b1c1b52e086ff7dfc002ddc4e4aeb7e93511916fd4ff18d	_printk;i2c_transfer_buffer_flags	_printk;i2c_transfer_buffer_flags	-	-	0x0;0x10;0x1f;0x20	0x0;0x10;0x1f;0x20	cond=0;jmp=0;call=2;ret=1	cond=0;jmp=0;call=2;ret=1	NO	code-generation/CFG differs; named target hardware and ABI behavior closed by contract/disassembly
hyn_i2c_write_byte	.text	.text	160	88	0x43e1b70a	0x43e1b70a	91a87986f5bbe0b7d056c61a69fbbb72c1d95e70f98b8a77b32f96f3b28e9dd4	85885fc88ec91476b2f640206a7731e14cf2a15abf7989fae4bc068bc86fcb5d	__stack_chk_fail;_printk;i2c_transfer_buffer_flags	__stack_chk_fail	-	hyn_i2c_write	0x0;0x2;0x4;0x5;0x8;0x10;0x1f;0x20;0x30;0x638	0x2;0x4;0x5;0x8;0x10;0x20;0x638	cond=0;jmp=0;call=3;ret=1	cond=0;jmp=0;call=2;ret=1	NO	code-generation/CFG differs; named target hardware and ABI behavior closed by contract/disassembly
hyn_i2c_read_byte	.text	.text	204	92	0x955585a5	0x955585a5	d09389da76e62c6cb5ae4be66bc518992540161eace6711338d764d6e413ff3b	70160d1213ad7b7e1bf07c558c369ea31b91cc47a0a996e2e53f09421c1833aa	__stack_chk_fail;_printk;i2c_transfer_buffer_flags	__stack_chk_fail	-	hyn_i2c_read	0x0;0x1;0x4;0x8;0x10;0x1f;0x20;0x30;0x638	0x1;0x4;0x8;0x10;0x20;0x638	cond=0;jmp=0;call=3;ret=1	cond=0;jmp=0;call=2;ret=1	NO	code-generation/CFG differs; named target hardware and ABI behavior closed by contract/disassembly
hyn_i2c_write_bytes	.text	.text	336	220	0xea58cdbc	0xea58cdbc	38093fc4a17b6e430340dfbb22d14d2ecc858b25fd84a2fcb7848b97f0159743	09c766ee6d1cb2d4634a19be60b9557182978deda45f006fb21c7f8962e64d77	__stack_chk_fail;_printk;fortify_panic;i2c_transfer_buffer_flags;memcpy;memset	__stack_chk_fail;fortify_panic;memcpy;memset	-	hyn_i2c_write	0x0;0x1;0x2;0x8;0x10;0x1f;0x20;0x30;0x40;0xff;0x257;0x258;0x260;0x638;0xffff	0x0;0x1;0x10;0x20;0x30;0x40;0xff;0x258;0x259;0x260;0x638;0xffff	cond=0;jmp=0;call=6;ret=1	cond=0;jmp=0;call=5;ret=1	NO	code-generation/CFG differs; named target hardware and ABI behavior closed by contract/disassembly
hyn_i2c_read_bytes	.text	.text	276	144	0xea58cdbc	0xea58cdbc	6cec4d21b21f582791dfe48ebfa49f2fcdd22263b4ddab6ac93c0ff6f2386da9	496070a6585525a0c3c4934e937dc378686286a440ca548f87ea1e312583b4e5	__stack_chk_fail;_printk;i2c_transfer_buffer_flags	__stack_chk_fail	-	hyn_i2c_read	0x0;0x1;0x4;0x5;0x8;0x10;0x1f;0x20;0x30;0x40;0xff;0x638;0xffff	0x1;0x4;0x5;0x8;0x10;0x20;0xff;0x638;0xffff	cond=0;jmp=0;call=3;ret=1	cond=0;jmp=0;call=2;ret=1	NO	code-generation/CFG differs; named target hardware and ABI behavior closed by contract/disassembly
cst3xx_i2c_read	.text	.text	88	88	0xb0620772	0xb0620772	1f57bc66c484103ccf0694ff14505f5b696ddd74487d55444c90f44d51c4cc42	1f57bc66c484103ccf0694ff14505f5b696ddd74487d55444c90f44d51c4cc42	i2c_transfer_buffer_flags	i2c_transfer_buffer_flags	-	-	0x0;0x1;0x10;0x20;0x30	0x0;0x1;0x10;0x20;0x30	cond=0;jmp=0;call=1;ret=1	cond=0;jmp=0;call=1;ret=1	YES	NONE
cst3xx_i2c_write	.text	.text	88	88	0xb0620772	0xb0620772	4216767b0ac427b8cd7b38c832532d51a83e36fbae660dd5179225e54ff8865e	4216767b0ac427b8cd7b38c832532d51a83e36fbae660dd5179225e54ff8865e	i2c_transfer_buffer_flags	i2c_transfer_buffer_flags	-	-	0x0;0x10;0x20;0x30	0x0;0x10;0x20;0x30	cond=0;jmp=0;call=1;ret=1	cond=0;jmp=0;call=1;ret=1	YES	NONE
cst3xx_i2c_read_register	.text	.text	140	84	0xb0620772	0xb0620772	30bedff57ec1e701d3fe3f2d32189c15d41150853fc6e04aa70968a34accc0b3	72fc2e3cee7739a207e950a79aaf85ec7d3b69c449c4008411284c33418675bd	i2c_transfer_buffer_flags	-	-	cst3xx_i2c_read;cst3xx_i2c_write	0x0;0x1;0x2;0x10;0x20;0x30	0x1;0x2;0x10;0x20;0x30	cond=0;jmp=0;call=1;ret=1	cond=0;jmp=0;call=2;ret=1	NO	code-generation/CFG differs; named target hardware and ABI behavior closed by contract/disassembly
hyn_create_sysfs	.text	.text	252	76	0xcc836375	0xcc836375	ef1362ad7bf36512e4ce2e7569d04a774c3bb3b5eb6e962f27a8e9e54db7545c	c3adcfb42488f40dfeccaa93e23732e79c5c5a11155b9d95a6653cc4ab8a8ebf	__mutex_init;_printk;kobject_create_and_add;sysfs_create_group;sysfs_remove_group	kobject_create_and_add;sysfs_create_group	-	-	0x0;0x8;0x10;0x20;0x1d0;0x6a8	0x0;0x10;0x58	cond=0;jmp=0;call=5;ret=1	cond=0;jmp=0;call=2;ret=1	NO	code-generation/CFG differs; named target hardware and ABI behavior closed by contract/disassembly
hyn_release_sysfs	.text	.text	52	56	0x8effdd6d	0x8effdd6d	d3b6d185b751b9ad6477f9a59bd0bce73f2c0c23257aad0bc66c5683fd067755	d8475aa40c7773f5e25d1c2d1c5244c752677e9e7d15d71597053b865701a46d	sysfs_remove_group	sysfs_remove_group	-	-	0x0;0x10;0x1d0	0x0;0x10;0x58	cond=0;jmp=0;call=1;ret=1	cond=0;jmp=0;call=1;ret=1	NO	code-generation/CFG differs; named target hardware and ABI behavior closed by contract/disassembly
hyn_tpfwver_show	.text	.text	652	184	0xdf43c25c	0xdf43c25c	a6e38366148bc4a6637d5132ab64ff410a0a9b84478e262927211eb7438b141b	9297c381b8041702741dc54c6382ac88aa0d023e91e8daaa686a02eaff018624	__const_udelay;__stack_chk_fail;mutex_lock;mutex_unlock;snprintf	mutex_lock;mutex_unlock;snprintf	cst3xx_i2c_read_register;cst3xx_i2c_write;hyn_i2c_read	cst8xx_firmware_info	0x0;0x1;0x2;0x4;0x8;0x9;0xa;0xb;0xc;0xe;0x10;0x18;0x1f;0x20;0x30;0x40;0x41;0x50;0x60;0x70;0x80;0xa6;0x1a8;0x1d1;0x4d2;0x638;0x8d2;0x9d1;0xcd2;0x8958	0x0;0xa;0x10;0x18;0x1b;0x1f;0x20;0x30;0x60;0x94;0x96;0x98;0x9a;0x9c;0x1000;0x6c69	cond=0;jmp=0;call=8;ret=1	cond=0;jmp=0;call=4;ret=1	NO	code-generation/CFG differs; named target hardware and ABI behavior closed by contract/disassembly
hyn_tpfwver_store	.text	.text	8	8	0x95a8ba07	0x95a8ba07	e396875767c39b6fddf6e112dfc7833396eb4277b0ba2696f448a85c3d3fbc71	e396875767c39b6fddf6e112dfc7833396eb4277b0ba2696f448a85c3d3fbc71	-	-	-	-	-	-	cond=0;jmp=0;call=0;ret=1	cond=0;jmp=0;call=0;ret=1	YES	NONE
hyn_fwupdate_show	.text	.text	8	8	0xdf43c25c	0xdf43c25c	e396875767c39b6fddf6e112dfc7833396eb4277b0ba2696f448a85c3d3fbc71	e396875767c39b6fddf6e112dfc7833396eb4277b0ba2696f448a85c3d3fbc71	-	-	-	-	-	-	cond=0;jmp=0;call=0;ret=1	cond=0;jmp=0;call=0;ret=1	YES	NONE
hyn_fwupdate_store	.text	.text	96	60	0x95a8ba07	0x95a8ba07	5af73b5da73cd312bd9e96390633385338c65d85cee89e96533040960b467578	572f76b2bc61e3bf91e5ee1e6a37485942a6ccb04b9134b4043ea2cd612b3f11	_printk;mutex_lock;mutex_unlock	-	hyn_boot_update_fw	hyn_boot_update_fw	0x0;0x8;0x10;0x20;0x1c8	0x0;0x10;0x20	cond=0;jmp=0;call=4;ret=1	cond=0;jmp=0;call=1;ret=1	NO	code-generation/CFG differs; named target hardware and ABI behavior closed by contract/disassembly
hyn_tprwreg_show	.text	.text	184	180	0xdf43c25c	0xdf43c25c	cb04fefabb77faf7960e7401c6fc81bdddf98e6b1f0175908903993ac4812be4	517845881473d1c5e21ca88e3683d9dd7f0774658c8846b62cd2e603ec53ecb2	__stack_chk_fail;snprintf	__stack_chk_fail;snprintf	cst3xx_i2c_read_register	cst3xx_i2c_read_register	0x0;0x6;0x8;0x10;0x11;0x12;0x13;0x14;0x15;0x1f;0x20;0x30;0x40;0x50;0x80;0x638;0x4fd0	0x0;0x6;0x10;0x11;0x12;0x13;0x14;0x15;0x1f;0x20;0x30;0x40;0x80;0x638;0x4fd0	cond=0;jmp=0;call=3;ret=1	cond=0;jmp=0;call=3;ret=1	NO	code-generation/CFG differs; named target hardware and ABI behavior closed by contract/disassembly
hyn_tprwreg_store	.text	.text	512	372	0x95a8ba07	0x95a8ba07	c65429d2a546bc9a93d5c6ffe1211603a98963804f397617635dbccaf56eaf5a	16c1bd74012da8964f4f271b259da8498413dfbd7535cef1d47ca24727ed62db	__stack_chk_fail;_printk;memcpy;mutex_lock;mutex_unlock	__stack_chk_fail;memcpy;mutex_lock;mutex_unlock	cst3xx_firmware_info;cst3xx_i2c_write;hyn_boot_update_fw;hyn_irq_disable;hyn_irq_enable;hyn_reset_proc	cst3xx_firmware_info;cst3xx_i2c_write;hyn_boot_update_fw;hyn_irq_disable;hyn_irq_enable;hyn_reset_proc	0x0;0x1;0x2;0x3;0x4;0x8;0x9;0xa;0x10;0x20;0x30;0x31;0x40;0x50;0xb6;0xfc;0xff;0x1c8;0x638	0x0;0x1;0x2;0x3;0x4;0x5;0x8;0x9;0xa;0x10;0x20;0x30;0x31;0x40;0x50;0x60;0xab;0x638	cond=0;jmp=0;call=11;ret=1	cond=0;jmp=0;call=10;ret=1	NO	code-generation/CFG differs; named target hardware and ABI behavior closed by contract/disassembly
hyn_fwupgradeapp_show	.text	.text	8	8	0xdf43c25c	0xdf43c25c	e396875767c39b6fddf6e112dfc7833396eb4277b0ba2696f448a85c3d3fbc71	e396875767c39b6fddf6e112dfc7833396eb4277b0ba2696f448a85c3d3fbc71	-	-	-	-	-	-	cond=0;jmp=0;call=0;ret=1	cond=0;jmp=0;call=0;ret=1	YES	NONE
hyn_fwupgradeapp_store	.text	.text	360	184	0x95a8ba07	0x95a8ba07	a9c3a457795fc420c0cd48178ff9439873ecdf30f7589ca1d8ba500da83f17cb	dd104e4852a4986c5bd96c6fd30acb995c4a2a4627e55d20119302fb2223db34	__kmalloc;__stack_chk_fail;_printk;mutex_lock;mutex_unlock;sprintf	__kmalloc;__stack_chk_fail;kfree;mutex_lock;mutex_unlock;sprintf	-	-	0x0;0x1;0x4;0x8;0x18;0x28;0x38;0x48;0x58;0x68;0x78;0x88;0x98;0xa8;0xb8;0xc8;0xd8;0xe8;0xf8;0xfc;0x100;0x110;0x120;0x130;0x140;0x1b8;0x638;0xdc0;0x5512	0x0;0x8;0x60;0xb8;0x110;0x120;0x130;0x140;0x638;0xcc0	cond=0;jmp=0;call=6;ret=1	cond=0;jmp=0;call=6;ret=1	NO	code-generation/CFG differs; named target hardware and ABI behavior closed by contract/disassembly
hyntpfactorytest_show	.text	.text	40	8	0xdf43c25c	0xdf43c25c	7acf28d3a91a9301413f3a77c17648227d22d3f375fcaa81fe29f325cf2b0088	ed86e0b2911b6a4e9edfa1a48e9544ba115299466a1992e2370619d8ce8e29fc	_printk	-	-	-	0x0;0x10	-	cond=0;jmp=0;call=1;ret=1	cond=0;jmp=0;call=0;ret=1	NO	code-generation/CFG differs; named target hardware and ABI behavior closed by contract/disassembly
hyntpfactorytest_store	.text	.text	52	8	0x95a8ba07	0x95a8ba07	aa27161f075d78125c8f97c82f10344b1d5e1717d85e875b6c2ec0d8b384bffa	cdcef4c0228985dcfa483da914c81928ca0e30929ccd008e381016f068c06962	_printk	-	-	-	0x0;0x10;0x20	-	cond=0;jmp=0;call=1;ret=1	cond=0;jmp=0;call=0;ret=1	NO	code-generation/CFG differs; named target hardware and ABI behavior closed by contract/disassembly
cst3xx_firmware_info	.text	.text	784	28	0xcc836375	0xcc836375	8e43791af78fc7c7458b9b88d43f05c7710b2134b15624ed0d47359e6cd20faa	2672bfb1a7b2ba657758b278e3fa875ff35bb71ac4e11633c9dc7ed2db628b59	__const_udelay;__stack_chk_fail;_printk	-	cst3xx_i2c_read_register;cst3xx_i2c_write	cst8xx_firmware_info	0x0;0x1;0x2;0x4;0x8;0xa;0x10;0x1f;0x20;0x30;0x40;0x41;0x50;0x83;0x147;0x188;0x190;0x194;0x196;0x198;0x19c;0x19e;0x1a4;0x1d1;0x4d2;0x638;0x8d2;0x948;0x9d1;0x12b0;0x47d0;0x8958;0xa5a5;0xaeb8;0xcaca;0xfcd1	0x10	cond=0;jmp=0;call=5;ret=1	cond=0;jmp=0;call=1;ret=1	NO	code-generation/CFG differs; named target hardware and ABI behavior closed by contract/disassembly
cst8xx_firmware_info	.text	.text	352	172	0xcc836375	0xcc836375	b16bc59bb940a1075da7ef0ea33fb7a08c325c09bb1bd58e2795bf15a485cb56	f870d359f922994ff4486a07deef7ae23300835bc768a137a41c4abc04fe70a9	__stack_chk_fail;_dev_err;_printk;msleep;sprintf	__stack_chk_fail;sprintf	hyn_i2c_read	hyn_i2c_read	0x0;0x1;0x6;0x8;0xc;0xd;0xe;0xf;0x10;0x1f;0x20;0x30;0x40;0x50;0x60;0x64;0xa6;0x188;0x198;0x19c;0x19e;0x638;0x9b5	0x0;0x1;0x6;0xc;0x10;0x11;0x12;0x13;0x14;0x1f;0x20;0x30;0x96;0x98;0x9a;0x9c;0xa6;0x638	cond=0;jmp=0;call=6;ret=1	cond=0;jmp=0;call=3;ret=1	NO	code-generation/CFG differs; named target hardware and ABI behavior closed by contract/disassembly
hyn_firmware_info	.text	.text	144	28	0xcc836375	0xcc836375	47e7ff7944d0d3ba3781657293b9d32c3c4be2d9ca5cfebff60f0dad41e77305	2672bfb1a7b2ba657758b278e3fa875ff35bb71ac4e11633c9dc7ed2db628b59	_printk	-	cst3xx_firmware_info;cst8xx_firmware_info	cst8xx_firmware_info	0x0;0x1;0x2;0x10;0x20;0x1a8;0x9c7	0x10	cond=0;jmp=0;call=3;ret=1	cond=0;jmp=0;call=1;ret=1	NO	code-generation/CFG differs; named target hardware and ABI behavior closed by contract/disassembly
hyn_boot_update_fw	.text	.text	1492	188	0xcc836375	0xcc836375	251a296cc7b7e004b6dd21a30f2e3a39c960834f02e34eee2ce5951f9f6add22	60723422b86eeb03a2e5d85f0b52ccf6166cfd3dc8a8c8d9d92ce77fc2d68bbb	_printk	-	cst8xx_firmware_info;hyn_irq_disable;hyn_irq_enable	cst8xx_firmware_info;hyn_irq_disable;hyn_irq_enable	0x0;0x1;0x2;0x3;0x4;0x5;0x6;0x7;0x8;0x9;0xa;0x10;0x16;0x18;0x1f;0x20;0x30;0x40;0xb6;0xda;0xe8;0xf0;0x188;0x194;0x19c;0x1a4;0x1a6;0x1a8;0x1b0;0x1b8;0x1c0;0x1c8;0x2bc;0x320;0x972;0xa5f;0x5512	0x0;0x1;0x10;0x1f;0x20;0xab;0xb0;0xb8	cond=0;jmp=0;call=4;ret=1	cond=0;jmp=0;call=3;ret=1	NO	code-generation/CFG differs; named target hardware and ABI behavior closed by contract/disassembly
hyn_find_fw_idx	.text	.text	332	68	N/A_LOCAL_DIRECT_ONLY	N/A_LOCAL_DIRECT_ONLY	2d8b30e7fa84fb98099989c6705b829445c426ad241f9ea20f541cf75105c1a8	556d02cbcf6a011631d51cbf6ab7a41fa22ad55c4d24b9b2796da980c20a9215	_printk	-	-	-	0x0;0x1;0xa;0x10;0x18;0x20;0x30;0xff;0x188;0x19c;0x19e;0x1a4;0x972	0x0;0x2;0x94;0x96;0xb5;0xff	cond=0;jmp=0;call=1;ret=1	cond=0;jmp=0;call=0;ret=2	NO	code-generation/CFG differs; named target hardware and ABI behavior closed by contract/disassembly
hyn_detect_bootloader	.text	.text	1952	236	0xcc836375	0xcc836375	fd7ee96eae5ce59eb85f7d4bf2532ba2010a0d48375eb111a906edd83ec44a8b	5c29482ac98cc1b8c60ad3fc543f1cd05d17cb61fb33ba580900942808b2d192	__const_udelay;__stack_chk_fail;_printk	__stack_chk_fail;msleep	cst3xx_i2c_read_register;cst3xx_i2c_write;hyn_i2c_read_bytes;hyn_i2c_write_bytes;hyn_reset_proc	hyn_i2c_read_bytes;hyn_i2c_write_bytes;hyn_reset_proc	0x0;0x1;0x2;0x3;0x4;0x6;0x7;0x8;0xa;0xc;0x10;0x11;0x1f;0x20;0x28;0x30;0x40;0x41;0x50;0x55;0x60;0x64;0x65;0x83;0xaa;0xab;0xac;0xc1;0xc8;0xc9;0x12b;0x12c;0x12d;0x147;0x1a0;0x1a2;0x1a3;0x1a6;0x1d0;0x284;0x2a0;0x2b3;0x2b4;0x2bc;0x320;0x3a0;0x638;0xa69;0xa93;0xace;0xaf9;0xb20;0xb4c;0xb78;0xba3;0x10d1;0x11d1;0x12b0;0x8958;0xa001;0xa003;0xaeb8	0x1;0x2;0x4;0x5;0x8;0xa;0x10;0x15;0x1f;0x20;0x28;0x30;0x40;0x55;0xaa;0x638;0xa001;0xa003	cond=0;jmp=0;call=8;ret=1	cond=0;jmp=0;call=5;ret=1	NO	code-generation/CFG differs; named target hardware and ABI behavior closed by contract/disassembly
hyn_create_gesture_sysfs	.text	.text	160	52	0xcc836375	0xcc836375	19f39e853996a7c8d65d8bb319b6d8df3b82683b2494e978dc6ff9945c21fab3	933a047f8143462a39c74ae41485bf3fe60e2065461c113853611253c51a643f	_printk;sysfs_create_group;sysfs_remove_group	sysfs_create_group	-	-	0x0;0x10;0x20;0xfd;0x1d0	0x0;0x10;0x58	cond=0;jmp=0;call=3;ret=1	cond=0;jmp=0;call=1;ret=1	NO	code-generation/CFG differs; named target hardware and ABI behavior closed by contract/disassembly
hyn_gesture_recovery	.text	.text	200	44	0x8effdd6d	0x8effdd6d	ea0f3d62356bc6e99c81ed9d631adc247e2a57bc563ecb57005f602790edaa6b	6a609df84e253ad10201a8ac3a004eee8d45157ecb558fad3419217a23aa8e2b	__stack_chk_fail;_printk	-	cst3xx_i2c_write	hyn_gesture_suspend	0x0;0x1;0x3;0x4;0x6;0x8;0x10;0x20;0x30;0x80;0x119;0x1a8;0x638;0x4cd0	0x1;0x10	cond=0;jmp=0;call=3;ret=1	cond=0;jmp=0;call=1;ret=1	NO	code-generation/CFG differs; named target hardware and ABI behavior closed by contract/disassembly
hyn_gesture_readdata	.text	.text	460	288	0x36b1c5a6	0x36b1c5a6	655cbdc39c1bbdf336f6814b225609675d8b2d1bce63c29a858ecf8a2abd0e5b	14c97e8324044db8e7b8da45d62ab3fc7e786bed5ef1a15f10eca1f48271740c	__stack_chk_fail;_printk;memset	__stack_chk_fail	cst3xx_i2c_read_register;hyn_i2c_read	hyn_i2c_read;hyn_i2c_read_byte	0x0;0x1;0x2;0x8;0xa;0xc;0x10;0x16;0x17;0x18;0x19;0x1f;0x20;0x30;0x7f;0x1a8;0x1d6;0x1fe;0x3fc;0x404;0x410;0x638;0x4cd0	0x1;0x4;0x8;0xc;0x10;0x11;0x12;0x13;0x1f;0x20;0x30;0x40;0xd3;0xec;0x638	cond=0;jmp=0;call=5;ret=1	cond=0;jmp=0;call=3;ret=1	NO	code-generation/CFG differs; named target hardware and ABI behavior closed by contract/disassembly
hyn_check_gesture	.text	.text	264	284	N/A_LOCAL_DIRECT_ONLY	N/A_LOCAL_DIRECT_ONLY	b80dc9f91041f058b59866e85982b8409d5ee3d174442360ff1a866e9331941d	0dbb21da7bc13f33f8d746904601ce60e16cdfbb89b6dd76a368a1b674886304	_printk;input_event	input_event	-	-	0x0;0x1;0xb;0x10;0x20;0x30;0x58;0x186	0x0;0x1;0x10;0x11;0x12;0x18;0x1f;0x20;0x2c;0x2e;0x2f;0x32;0x45;0x67;0x69;0x6a;0x6c;0x74;0xcc;0xe5	cond=0;jmp=0;call=2;ret=1	cond=0;jmp=0;call=1;ret=1	NO	code-generation/CFG differs; named target hardware and ABI behavior closed by contract/disassembly
hyn_irq_gesture_mode	.text	.text	80	52	0xa540670c	0xa540670c	d6eae95b64b770a7ec4f626c4f26e8efce87d3e5961bada9cdc43f6c7e8ec0b6	7638e3580f6c174ca8e78ca2e9753ad8f7ac075bf6f5775c8d50f8def4f383c9	_printk;irq_set_irq_type	irq_set_irq_type	hyn_irq_disable;hyn_irq_enable	hyn_irq_disable;hyn_irq_enable	0x0;0x8;0x10;0x1f;0x3b4;0x4002	0x10;0x90;0x4002	cond=0;jmp=0;call=4;ret=1	cond=0;jmp=0;call=3;ret=1	NO	code-generation/CFG differs; named target hardware and ABI behavior closed by contract/disassembly
hyn_irq_normal_mode	.text	.text	80	56	0xa540670c	0xa540670c	507844a07519c3f67823a2537a420160f53315713d9e182242ce4feb893f6fda	f9a59bf85118d34b295a4fbeeb104eb09315fd6918e129133b05a609683e6ce9	_printk;irq_set_irq_type	irq_set_irq_type	hyn_irq_disable;hyn_irq_enable	hyn_irq_disable;hyn_irq_enable	0x0;0x4;0x10;0x1f;0x3b4	0x10;0x18;0x90	cond=0;jmp=0;call=4;ret=1	cond=0;jmp=0;call=3;ret=1	NO	code-generation/CFG differs; named target hardware and ABI behavior closed by contract/disassembly
hyn_gesture_suspend	.text	.text	1012	352	0x36b1c5a6	0x36b1c5a6	12d68569f954ebc5d7a78893d2d72eb730b5ebde9379fde35cca8313fce9a9d8	85aa23548c6bc83a1a632cdb33213e60a501741cee55df5f2cb8810fbead4d08	__stack_chk_fail;_printk;irq_set_irq_type;msleep	__stack_chk_fail;msleep	cst3xx_i2c_read_register;cst3xx_i2c_write;hyn_i2c_read_byte;hyn_i2c_write_byte;hyn_irq_disable;hyn_irq_enable	hyn_i2c_read_byte;hyn_i2c_write_byte;hyn_irq_gesture_mode	0x0;0x1;0x2;0x3;0x4;0x6;0x8;0xa;0x10;0x1f;0x20;0x30;0x40;0x80;0xe5;0xec;0x1a8;0x267;0x3b4;0x638;0x4002;0x4cd0	0x1;0x4;0x8;0xa;0x10;0x20;0x30;0xec;0x638	cond=0;jmp=0;call=10;ret=1	cond=0;jmp=0;call=5;ret=1	NO	code-generation/CFG differs; named target hardware and ABI behavior closed by contract/disassembly
hyn_gesture_resume	.text	.text	280	104	0x36b1c5a6	0x36b1c5a6	b1d9ee7b1bd18f8f65b3715aabda28af7f189a06ad46c1eb2986b6d259a305e0	bf20eb595cfd969b2212410b392fd0cc4c0de4c505f18ec60e83bb794554a145	__stack_chk_fail;_printk;irq_set_irq_type	-	cst3xx_i2c_write;hyn_irq_disable;hyn_irq_enable	hyn_i2c_write_byte;hyn_irq_normal_mode	0x0;0x1;0x2;0x3;0x4;0x6;0x8;0x10;0x1f;0x20;0x30;0x1a8;0x279;0x28f;0x3b4;0x638;0x4cd0	0x1;0x10;0xec	cond=0;jmp=0;call=6;ret=1	cond=0;jmp=0;call=2;ret=1	NO	code-generation/CFG differs; named target hardware and ABI behavior closed by contract/disassembly
hyn_gesture_init	.text	.text	508	256	0xe7343cee	0xe7343cee	1585016fab6a419ec2d9e455805577bfe261fae622a24450dc68d8441541b773	8421326cbaab307cf510a6d20342ed5c37f8ae9a9e165faddd02a376cb3c36e9	_printk;input_set_capability;sysfs_create_group;sysfs_remove_group	input_set_capability	-	hyn_create_gesture_sysfs	0x0;0x1;0x4;0x10;0x11;0x12;0x16;0x18;0x1f;0x20;0x26;0x2c;0x2e;0x2f;0x30;0x32;0x58;0x67;0x69;0x6a;0x6c;0x74;0xfd;0x1d0;0x2c5;0x1680;0xd040	0x1;0x10;0x11;0x12;0x18;0x1f;0x20;0x2c;0x2e;0x2f;0x32;0x67;0x69;0x6a;0x6c;0x74	cond=0;jmp=0;call=4;ret=1	cond=0;jmp=0;call=2;ret=1	NO	code-generation/CFG differs; named target hardware and ABI behavior closed by contract/disassembly
hyn_gesture_exit	.text	.text	108	60	0x36b1c5a6	0x36b1c5a6	a07934b7bff9adab9acbe60f8a26d1d3921162c2ed175665d11ee38625b2b35d	a236c86f173c2ae1e8d6d8500096be220425a7d5d4c713cf1b97eefe780ab3f0	_printk;sysfs_remove_group	sysfs_remove_group	-	-	0x0;0x10;0x1d0;0x2d5	0x0;0x10;0x58	cond=0;jmp=0;call=2;ret=1	cond=0;jmp=0;call=1;ret=1	NO	code-generation/CFG differs; named target hardware and ABI behavior closed by contract/disassembly
hyn_gesture_show	.text	.text	216	84	0xdf43c25c	0xdf43c25c	03583c66b60cac917b66d317355c96ef9ea169cbda397756858062961d4e0141	6631f94f83c29f24320fb51e037950c8bc9726cbd8813c65affd364e3502504f	_printk;mutex_lock;mutex_unlock;sprintf	sprintf	-	-	0x0;0x1;0x10;0x18;0x20;0x30;0x40;0xa0;0x208	0x0;0x10	cond=0;jmp=0;call=4;ret=1	cond=0;jmp=0;call=1;ret=1	NO	code-generation/CFG differs; named target hardware and ABI behavior closed by contract/disassembly
hyn_gesture_store	.text	.text	180	32	0x95a8ba07	0x95a8ba07	c3d31b3fb4f875049b79cef5be0b77977febb222b43a7e9bfa1bcac19e77b367	21cd4b579f01d1d2118eee86bbb2e3c86c16df6dedb268e64b22f76304ef7b0a	_printk;mutex_lock;mutex_unlock	-	-	-	0x0;0x1;0x10;0x18;0x20;0x30;0xb9;0x208	0x1	cond=0;jmp=0;call=3;ret=1	cond=0;jmp=0;call=0;ret=1	NO	code-generation/CFG differs; named target hardware and ABI behavior closed by contract/disassembly
hyn_gesture_buf_show	.text	.text	360	80	0xdf43c25c	0xdf43c25c	1ed123da068aa56faf113355b30b050e224ea1d807f56755bcba9b0297515d69	ba55f81f3b5298f1a39d3b76f90dd31913d1183c73014cbb5cc1c62dab0ea550	_printk;mutex_lock;mutex_unlock;snprintf	snprintf	-	-	0x0;0x1;0x3;0x8;0xa;0x10;0x13;0x18;0x20;0x30;0x40;0x50;0xd7;0x206;0x208;0x1000;0x3a66	0x0;0x10;0x1000	cond=0;jmp=0;call=4;ret=1	cond=0;jmp=0;call=1;ret=1	NO	code-generation/CFG differs; named target hardware and ABI behavior closed by contract/disassembly
hyn_gesture_buf_store	.text	.text	8	8	0x95a8ba07	0x95a8ba07	e396875767c39b6fddf6e112dfc7833396eb4277b0ba2696f448a85c3d3fbc71	e396875767c39b6fddf6e112dfc7833396eb4277b0ba2696f448a85c3d3fbc71	-	-	-	-	-	-	cond=0;jmp=0;call=0;ret=1	cond=0;jmp=0;call=0;ret=1	YES	NONE
